title,date,author,link,category,website
"Addie MS Aksi di Depan Kedubes Rusia, Minta Rusia Setop Perang Sambil Bawakan Lagu Rayuan Pulau Kelapa",30 Maret 2022 16:40 WIB,Aditia Saputra,https://www.liputan6.com/showbiz/read/4925336/addie-ms-aksi-di-depan-kedubes-rusia-minta-rusia-setop-perang-sambil-bawakan-lagu-rayuan-pulau-kelapa?medium=Headline&campaign=Headline_click_1,biasa,liputan.com
KPK Seret Eks Gubernur Riau Annas Maamun ke Jakarta,30 Maret 2022 16:54 WIB,Fachrur Rozie,https://www.liputan6.com/news/read/4925386/kpk-seret-eks-gubernur-riau-annas-maamun-ke-jakarta,biasa,liputan.com
Jadwal MotoGP Argentina: Balapan Spesial Tanpa Marc Marquez,30 Maret 2022 16:30 WIB,Marco Tampubolon,https://www.liputan6.com/bola/read/4925322/jadwal-motogp-argentina-balapan-spesial-tanpa-marc-marquez,biasa,liputan.com
Daikin Ceiling Mounted Cassette Round Flow: AC Hemat dan Minimalis untuk Ruang Usaha Kekinian,25 Maret 2022 13:16 WIB,Gilar Ramdhani,https://www.liputan6.com/lifestyle/read/4918488/daikin-ceiling-mounted-cassette-round-flow-ac-hemat-dan-minimalis-untuk-ruang-usaha-kekinian,biasa,liputan.com
Wawancara Dubes Vasyl Hamianin: Jalan Panjang Harapan Ukraina Akhiri Perang dengan Rusia,25 Maret 2022 20:40 WIB,Tanti Yulianingsih,https://www.liputan6.com/global/read/4921414/wawancara-dubes-vasyl-hamianin-jalan-panjang-harapan-ukraina-akhiri-perang-dengan-rusia,biasa,liputan.com
"Penggalan Cerita Seru Nonton MotoGP Mandalika, Sinyal Lancar XL Bikin Penonton Senang",25 Maret 2022 17:10 WIB,Gilar Ramdhani,https://www.liputan6.com/bola/read/4921379/penggalan-cerita-seru-nonton-motogp-mandalika-sinyal-lancar-xl-bikin-penonton-senang,biasa,liputan.com
"VIDEO: Terlempar dari Angkot, Seorang Pelajar Terpelanting dan Tersungkur di Jalan",30 Maret 2022 15:30 WIB,Azis Wahyu Saputra,https://hot.liputan6.com/read/4925107/video-terlempar-dari-angkot-seorang-pelajar-terpelanting-dan-tersungkur-di-jalan,biasa,liputan.com
FOTO: Gedung Pemerintah di Kota Mykolaiv Hancur Dirudal Rusia,30 Maret 2022 15:00 WIB,Johan Fatzry,https://www.liputan6.com/global/read/4924480/foto-gedung-pemerintah-di-kota-mykolaiv-hancur-dirudal-rusia,biasa,liputan.com
Infografis Tarif PPN 11 Persen Berlaku 1 April 2022,30 Maret 2022 09:01 WIB,Anri Syaiful,https://www.liputan6.com/news/read/4924656/infografis-tarif-ppn-11-persen-berlaku-1-april-2022,biasa,liputan.com
Bola Ganjil: Jejak Superioritas Klub Italia di Eropa,29 Maret 2022 00:30 WIB,Harley Ikhsan,https://www.liputan6.com/bola/read/4923570/bola-ganjil-jejak-superioritas-klub-italia-di-eropa,biasa,liputan.com
"Merasa Kasihan, Wanita Ini Rela Rambutnya Jadi Sarang Burung Selama 3 Bulan",30 Maret 2022 17:15 WIB,Ibrahim Hasan,https://hot.liputan6.com/read/4925304/merasa-kasihan-wanita-ini-rela-rambutnya-jadi-sarang-burung-selama-3-bulan,biasa,liputan.com
"Ada Tawaran Lowongan Kerja BUMN di PLN Grup, Simak Posisi dan Syaratnya",30 Maret 2022 17:13 WIB,Tira Santia,https://www.liputan6.com/bisnis/read/4925410/ada-tawaran-lowongan-kerja-bumn-di-pln-grup-simak-posisi-dan-syaratnya,biasa,liputan.com
"Stok Darah di PMI Jember Menipis, Relawan Diminta Segera Donor",30 Maret 2022 17:11 WIB,Liputan6.com,https://surabaya.liputan6.com/read/4924713/stok-darah-di-pmi-jember-menipis-relawan-diminta-segera-donor,biasa,liputan.com
"Tekuk Persiraja Banda Aceh, Bhayangkara FC Kunci Posisi Ketiga BRI Liga 1 2021/22",30 Maret 2022 17:09 WIB,Marco Tampubolon,https://www.liputan6.com/bola/read/4925405/tekuk-persiraja-banda-aceh-bhayangkara-fc-kunci-posisi-ketiga-bri-liga-1-202122,biasa,liputan.com
"Jakarta Akan Tambah 20 Jalur Sepeda pada 2022 Sepanjang 195,6 Km",30 Maret 2022 17:04 WIB,Liputan6.com,https://www.liputan6.com/news/read/4925397/jakarta-akan-tambah-20-jalur-sepeda-pada-2022-sepanjang-1956-km,biasa,liputan.com
"Update Covid-19 Rabu 30 Maret 2022: Positif 6.009.486, Sembuh 5.742.931, Meninggal 155.000",30 Maret 2022 17:03 WIB,Devira Prastiwi,https://www.liputan6.com/news/read/4925343/update-covid-19-rabu-30-maret-2022-positif-6009486-sembuh-5742931-meninggal-155000,biasa,liputan.com
"Menengok Rumah Super Luas Mayangsari di Purwokerto, Ada Rusa dan Beragam Ikan Hias",30 Maret 2022 17:02 WIB,Henry,https://www.liputan6.com/lifestyle/read/4925171/menengok-rumah-super-luas-mayangsari-di-purwokerto-ada-rusa-dan-beragam-ikan-hias,biasa,liputan.com
"Vaksin Booster jadi Syarat Mudik, Ganjar: Bagus, Biar Lebih Aman",30 Maret 2022 17:02 WIB,Tito Isna Utama,https://jateng.liputan6.com/read/4925186/vaksin-booster-jadi-syarat-mudik-ganjar-bagus-biar-lebih-aman,biasa,liputan.com
"Astra Financial Resmi Meluncurkan Platform Digital SEVA, Permudah Konsumen Berburu Mobil Impian",30 Maret 2022 17:01 WIB,Amal Abdurachman,https://www.liputan6.com/otomotif/read/4925301/astra-financial-resmi-meluncurkan-platform-digital-seva-permudah-konsumen-berburu-mobil-impian,biasa,liputan.com
"Jelang Sidang Tuduhan Pemerkosaan, Benjamin Mendy Malah Asyik Menikmati Kopi",30 Maret 2022 17:00 WIB,Liputan6.com,https://www.liputan6.com/bola/read/4925003/jelang-sidang-tuduhan-pemerkosaan-benjamin-mendy-malah-asyik-menikmati-kopi,biasa,liputan.com
"Seandainya Penanganan COVID-19 Dipakai untuk Tuberkulosis, 2030 Dunia Bebas TB",30 Maret 2022 17:00 WIB,Aditya Eka Prawira,https://www.liputan6.com/health/read/4925381/seandainya-penanganan-covid-19-dipakai-untuk-tuberkulosis-2030-dunia-bebas-tb,biasa,liputan.com
"TikTok Uji Coba Watch History, Pengguna Bisa Cek Video yang Pernah Ditonton",30 Maret 2022 17:00 WIB,Agustin Setyo Wardani,https://www.liputan6.com/tekno/read/4925094/tiktok-uji-coba-watch-history-pengguna-bisa-cek-video-yang-pernah-ditonton,biasa,liputan.com
"6 Potret Camillia Laetitia Azzahra, Anak Ridwan Kamil yang Lolos SNMPTN 2022",30 Maret 2022 17:00 WIB,Selma Intania Hafidha,https://hot.liputan6.com/read/4925300/6-potret-camillia-laetitia-azzahra-anak-ridwan-kamil-yang-lolos-snmptn-2022,biasa,liputan.com
"Harga Minyak Goreng Terbang, Imbas Swasta Kuasai Industri CPO",30 Maret 2022 17:00 WIB,Maulandy Rizky Bayu Kencana,https://www.liputan6.com/bisnis/read/4925395/harga-minyak-goreng-terbang-imbas-swasta-kuasai-industri-cpo,biasa,liputan.com
Tangis Ria Ricis Pecah Saat Doakan Sang Jabang Bayi di Acara Syukuran  4 Bulanan Kehamilan,30 Maret 2022 17:00 WIB,Sapto Purnomo,https://www.liputan6.com/showbiz/read/4925249/tangis-ria-ricis-pecah-saat-doakan-sang-jabang-bayi-di-acara-syukuran-4-bulanan-kehamilan,biasa,liputan.com
Babak Baru Kasus Video Perundungan Anak SD di Kota Santri Tasikmalaya,30 Maret 2022 17:00 WIB,Jayadi Supriadin,https://www.liputan6.com/regional/read/4924794/babak-baru-kasus-video-perundungan-anak-sd-di-kota-santri-tasikmalaya,biasa,liputan.com
"Blue Bird Raup Pendapatan Rp 2,2 Triliun pada 2021",30 Maret 2022 16:57 WIB,Agustina Melani,https://www.liputan6.com/saham/read/4925385/blue-bird-raup-pendapatan-rp-22-triliun-pada-2021,biasa,liputan.com
"Menlu Retno Bertemu dengan Menlu Rusia di China, Bahas Apa?",30 Maret 2022 16:53 WIB,Benedikta Miranti T.V,https://www.liputan6.com/global/read/4925372/menlu-retno-bertemu-dengan-menlu-rusia-di-china-bahas-apa,biasa,liputan.com
"Instansi adalah Lembaga Umum, Ketahui Jenis dan Contohnya",30 Maret 2022 16:50 WIB,Anugerah Ayu Sendari,https://hot.liputan6.com/read/4925290/instansi-adalah-lembaga-umum-ketahui-jenis-dan-contohnya,biasa,liputan.com
"Rasio kewirausahaan di Indonesia Baru 3,47 Persen",30 Maret 2022 16:50 WIB,Liputan6.com,https://www.liputan6.com/bisnis/read/4925383/rasio-kewirausahaan-di-indonesia-baru-347-persen,biasa,liputan.com
"7 Cara Membuat Capcay Goreng yang Gurih dan Lezat, Ala Resto Chinese Food",30 Maret 2022 16:40 WIB,Ayu Rifka Sitoresmi,https://hot.liputan6.com/read/4925236/7-cara-membuat-capcay-goreng-yang-gurih-dan-lezat-ala-resto-chinese-food,biasa,liputan.com
Erick Thohir Minta Startup Indonesia tingkatkan Kompetensi SDM,30 Maret 2022 16:40 WIB,Tira Santia,https://www.liputan6.com/bisnis/read/4925363/erick-thohir-minta-startup-indonesia-tingkatkan-kompetensi-sdm,biasa,liputan.com
Ketua KPK Pastikan Akan Dalami Aliran Uang Suap Bupati PPU ke Andi Arief,30 Maret 2022 16:32 WIB,Delvira Hutabarat,https://www.liputan6.com/news/read/4925364/ketua-kpk-pastikan-akan-dalami-aliran-uang-suap-bupati-ppu-ke-andi-arief,biasa,liputan.com
"Kode Redeem Genshin Impact Terbaru 30 Maret 2022, Segera Klaim",30 Maret 2022 16:30 WIB,Giovani Dio Prasasti,https://www.liputan6.com/tekno/read/4925303/kode-redeem-genshin-impact-terbaru-30-maret-2022-segera-klaim,biasa,liputan.com
8 Aplikasi Cek Jadwal Buka Puasa dan Imsakiyah Selama Ramadhan,30 Maret 2022 16:30 WIB,Laudia Tysara,https://hot.liputan6.com/read/4925228/8-aplikasi-cek-jadwal-buka-puasa-dan-imsakiyah-selama-ramadhan,biasa,liputan.com
Kemenkop Minta UMKM Kuliner Serbu e-Katalog LKPP,30 Maret 2022 16:30 WIB,Liputan6.com,https://www.liputan6.com/bisnis/read/4925357/kemenkop-minta-umkm-kuliner-serbu-e-katalog-lkpp,biasa,liputan.com
"6 Potret Kayla Kalaoun Bintang Cilik Sinetron Pelangi untuk Nirmala, Jago Akting dan Main Ice Skating",30 Maret 2022 16:30 WIB,Panditio Rayendra,https://www.liputan6.com/showbiz/read/4924987/6-potret-kayla-kalaoun-bintang-cilik-sinetron-pelangi-untuk-nirmala-jago-akting-dan-main-ice-skating,biasa,liputan.com
Malaysia dan Indonesia Siap Teken Pembaruan MoU Perlindungan PRT 1 April 2022,30 Maret 2022 16:28 WIB,Tanti Yulianingsih,https://www.liputan6.com/global/read/4925257/malaysia-dan-indonesia-siap-teken-pembaruan-mou-perlindungan-prt-1-april-2022,biasa,liputan.com
"Tata Cara Sholat Dhuha Dilengkapi Bacaan Niat dan Doa, serta Manfaat Menakjubkannya",30 Maret 2022 16:24 WIB,Erik Erfinanto,https://www.liputan6.com/citizen6/read/4586621/tata-cara-sholat-dhuha-dilengkapi-bacaan-niat-dan-doa-serta-manfaat-menakjubkannya,biasa,liputan.com
Pekerja Perempuan Banyak Terima Kekerasan dan Ketidakadilan Saat Pandemi Covid-19,30 Maret 2022 16:20 WIB,Pramita Tristiawati,https://www.liputan6.com/bisnis/read/4925323/pekerja-perempuan-banyak-terima-kekerasan-dan-ketidakadilan-saat-pandemi-covid-19,biasa,liputan.com
Jokowi Senang Vaksinasi Covid-19 di Ponpes API Magelang Sudah 100 Persen,30 Maret 2022 16:20 WIB,Lizsa Egeham,https://www.liputan6.com/news/read/4925344/jokowi-senang-vaksinasi-covid-19-di-ponpes-api-magelang-sudah-100-persen,biasa,liputan.com
Rupiah Menguat Berkat Realisasi Belanja Pemerintah Membaik,30 Maret 2022 16:20 WIB,Liputan6.com,https://www.liputan6.com/bisnis/read/4925329/rupiah-menguat-berkat-realisasi-belanja-pemerintah-membaik,biasa,liputan.com
"Viral Nenek 87 Tahun Punya Jantung Sehat Bak Usia 40, Rahasianya Sederhana",30 Maret 2022 16:20 WIB,Loudia Mahartika,https://hot.liputan6.com/read/4925174/viral-nenek-87-tahun-punya-jantung-sehat-bak-usia-40-rahasianya-sederhana,biasa,liputan.com
"Medina Zein Buka-bukaan Alasan Lepas Hijab, dari Penyakit Mental hingga PHK 97 Karyawan",30 Maret 2022 16:20 WIB,Wayan Diananto,https://www.liputan6.com/showbiz/read/4924861/medina-zein-buka-bukaan-alasan-lepas-hijab-dari-penyakit-mental-hingga-phk-97-karyawan,biasa,liputan.com
1.425 Calon Mahasiswa Lolos SNMPTN 2022 di Unair Surabaya,30 Maret 2022 16:15 WIB,Liputan6.com,https://www.liputan6.com/news/read/4925294/1425-calon-mahasiswa-lolos-snmptn-2022-di-unair-surabaya,biasa,liputan.com
Doa Menolak Bala dan Dijauhkan dari Berbagai Musibah,30 Maret 2022 16:12 WIB,Camelia,https://www.liputan6.com/ramadan/read/4240480/doa-menolak-bala-dan-dijauhkan-dari-berbagai-musibah,biasa,liputan.com
"Awas, 95 Persen Platform Pinjaman Online Berstatus Ilegal",30 Maret 2022 16:10 WIB,Liputan6.com,https://www.liputan6.com/bisnis/read/4925318/awas-95-persen-platform-pinjaman-online-berstatus-ilegal,biasa,liputan.com
"Sukses dengan Sinetron, Ini 6 Potret Cuplikan DJS The Movie: Biarkan Aku Menari",30 Maret 2022 16:10 WIB,Selma Intania Hafidha,https://hot.liputan6.com/read/4925184/sukses-dengan-sinetron-ini-6-potret-cuplikan-djs-the-movie-biarkan-aku-menari,biasa,liputan.com
"PPN Saham Jadi 11 Persen, Indo Premier Tak Naikkan Fee Transaksi",30 Maret 2022 16:05 WIB,Agustina Melani,https://www.liputan6.com/saham/read/4925325/ppn-saham-jadi-11-persen-indo-premier-tak-naikkan-fee-transaksi,biasa,liputan.com
Kenali 5 Tanda Anda Sedang Dimanipulasi Pasangan,30 Maret 2022 16:05 WIB,Yulia Lisnawati,https://www.liputan6.com/citizen6/read/4925254/kenali-5-tanda-anda-sedang-dimanipulasi-pasangan,biasa,liputan.com
"Anggaran Baju Dinas DPRD DKI Jakarta Rp1,7 M, Pemprov: Selama Ada di APBD Kami Bayar",30 Maret 2022 16:02 WIB,Liputan6.com,https://www.liputan6.com/news/read/4925305/anggaran-baju-dinas-dprd-dki-jakarta-rp17-m-pemprov-selama-ada-di-apbd-kami-bayar,biasa,liputan.com
"Tabrakan Adu Banteng Kijang dan APV Terekam Kamera Dashboard, Videonya Viral",30 Maret 2022 16:02 WIB,Liputan6.com,https://www.liputan6.com/otomotif/read/4925319/tabrakan-adu-banteng-kijang-dan-apv-terekam-kamera-dashboard-videonya-viral,biasa,liputan.com
"Cha Eun Woo Ultah ke-26, Potret Jarinya Disukai Hampir 5 Juta Pengikut",30 Maret 2022 16:02 WIB,Komarudin,https://www.liputan6.com/lifestyle/read/4925251/cha-eun-woo-ultah-ke-26-potret-jarinya-disukai-hampir-5-juta-pengikut,biasa,liputan.com
Indonesia Jadi Raja Ekonomi Digital Asia Tenggara,30 Maret 2022 16:00 WIB,Liputan6.com,https://www.liputan6.com/bisnis/read/4925309/indonesia-jadi-raja-ekonomi-digital-asia-tenggara,biasa,liputan.com
Link Live Streaming BRI Liga 1 Malam Hari Ini : Persebaya Surabaya Vs Borneo FC di Vidio 20.00,30 Maret 2022 16:00 WIB,Isyhari Maheswar,https://www.liputan6.com/bola/read/4924985/link-live-streaming-bri-liga-1-malam-hari-ini-persebaya-surabaya-vs-borneo-fc-di-vidio-2000,biasa,liputan.com
6 Potret Persiapan Azka Corbuzier Jelang Tinju Lawan Vicky Prasetyo,30 Maret 2022 16:00 WIB,Putra Marenda,https://hot.liputan6.com/read/4925183/6-potret-persiapan-azka-corbuzier-jelang-tinju-lawan-vicky-prasetyo,biasa,liputan.com
"Medina Zein dan Lukman Azhari Pisah Ranjang 1,5 Bulan, Ngaku Lagi Healing Sambil Instrospeksi Diri",30 Maret 2022 16:00 WIB,Wayan Diananto,https://www.liputan6.com/showbiz/read/4925205/medina-zein-dan-lukman-azhari-pisah-ranjang-15-bulan-ngaku-lagi-healing-sambil-instrospeksi-diri,biasa,liputan.com
"Kurma Jadi Makanan Khas Bulan Puasa, Ternyata Ini Manfaatnya bagi Kesehatan",30 Maret 2022 16:00 WIB,Diviya Agatha,https://www.liputan6.com/health/read/4925009/kurma-jadi-makanan-khas-bulan-puasa-ternyata-ini-manfaatnya-bagi-kesehatan,biasa,liputan.com
Pemkab Kediri Kembangkan Aplikasi Pantau Ibu Hamil untuk Mencegah Stunting,30 Maret 2022 16:00 WIB,Liputan6.com,https://surabaya.liputan6.com/read/4924729/pemkab-kediri-kembangkan-aplikasi-pantau-ibu-hamil-untuk-mencegah-stunting,biasa,liputan.com
"Tonton Sekarang, Live Streaming PMPL ID Spring 2022 Pekan Kedua 30 - 3 April 2022 di Vidio",30 Maret 2022 16:00 WIB,Isyhari Maheswar,https://www.liputan6.com/tekno/read/4925030/tonton-sekarang-live-streaming-pmpl-id-spring-2022-pekan-kedua-30-3-april-2022-di-vidio,biasa,liputan.com
"Jembatan di Jalan Nasional Lamongan Ambles, ini Dua Jalur Alternatif untuk Pengendara",30 Maret 2022 16:00 WIB,Liputan6.com,https://jatim.liputan6.com/read/4925292/jembatan-di-jalan-nasional-lamongan-ambles-ini-dua-jalur-alternatif-untuk-pengendara,biasa,liputan.com
"Bertambah Lagi, Simak Sebaran Hoaks Seputar Vaksin Covid-19 di Media Sosial",30 Maret 2022 16:00 WIB,Adyaksa Vidi,https://www.liputan6.com/cek-fakta/read/4925152/bertambah-lagi-simak-sebaran-hoaks-seputar-vaksin-covid-19-di-media-sosial,biasa,liputan.com
"Kejar Target Booster, 200 Ribu Vial Vaksin Covid-19 di Kepri Malah Ditemukan Kedaluarsa",30 Maret 2022 16:00 WIB,Ajang Nurdin,https://www.liputan6.com/regional/read/4924808/kejar-target-booster-200-ribu-vial-vaksin-covid-19-di-kepri-malah-ditemukan-kedaluarsa,biasa,liputan.com
"DPR Setuju Pertamina Sesuaikan Harga BBM Nonsubsidi Ikuti Keekonomian, Pertamax Jadi Naik?",29 Maret 2022 18:09 WIB,Natasha Khairunisa Amani,https://www.liputan6.com/bisnis/read/4924493/dpr-setuju-pertamina-sesuaikan-harga-bbm-nonsubsidi-ikuti-keekonomian-pertamax-jadi-naik,popular,liputan.com
"Erick Thohir Cek Pembangunan Bali International Hospital, Sampai Mana?",29 Maret 2022 17:30 WIB,Arief Rahman Hakim,https://www.liputan6.com/bisnis/read/4924429/erick-thohir-cek-pembangunan-bali-international-hospital-sampai-mana,popular,liputan.com
"HEADLINE: Tarif PPN 11 Persen Berlaku 1 April 2022, Berimbas ke Harga Barang-Barang?",30 Maret 2022 00:00 WIB,Arthur Gideon,https://www.liputan6.com/bisnis/read/4924608/headline-tarif-ppn-11-persen-berlaku-1-april-2022-berimbas-ke-harga-barang-barang,popular,liputan.com
Adam Deni Berani Laporkan Ahmad Sahroni ke KPK karena Sudah Kumpulkan Bukti Kuat,30 Maret 2022 09:00 WIB,Sapto Purnomo,https://www.liputan6.com/showbiz/read/4924631/adam-deni-berani-laporkan-ahmad-sahroni-ke-kpk-karena-sudah-kumpulkan-bukti-kuat,popular,liputan.com
"Harga Pertamax Naik per April 2022, Benarkah?",29 Maret 2022 20:26 WIB,Liputan6.com,https://www.liputan6.com/news/read/4924508/harga-pertamax-naik-per-april-2022-benarkah,popular,liputan.com
"Lucky Andreono Masterchef Indonesia Meninggal Dunia, Ini Profil Sang Juara Pertama dari Season 1",30 Maret 2022 06:56 WIB,Panditio Rayendra,https://www.liputan6.com/showbiz/read/4924776/lucky-andreono-masterchef-indonesia-meninggal-dunia-ini-profil-sang-juara-pertama-dari-season-1,popular,liputan.com
"Enkripsi WhatsApp Disebut Bisa Rusak Gara-Gara Aturan Baru Eropa, Ada Apa?",29 Maret 2022 19:00 WIB,Agustin Setyo Wardani,https://www.liputan6.com/tekno/read/4924060/enkripsi-whatsapp-disebut-bisa-rusak-gara-gara-aturan-baru-eropa-ada-apa,popular,liputan.com
"Pondasi Tergerus Air, Rumah Warga di Banyuwangi Ambruk",29 Maret 2022 19:06 WIB,Hermawan Arifianto,https://surabaya.liputan6.com/read/4924003/pondasi-tergerus-air-rumah-warga-di-banyuwangi-ambruk,popular,liputan.com
Keluarga Dorce Minta Sumbangan untuk Mendiang Dorce Gamalama yang Digunakan Anak Angkat untuk Diaudit,29 Maret 2022 20:20 WIB,Aditia Saputra,https://www.liputan6.com/showbiz/read/4924602/keluarga-dorce-minta-sumbangan-untuk-mendiang-dorce-gamalama-yang-digunakan-anak-angkat-untuk-diaudit,popular,liputan.com
"Sony Rombak Layanan PlayStation Plus per Juni 2022, Kini Tersedia 3 Tiers",29 Maret 2022 20:17 WIB,Yuslianson,https://www.liputan6.com/tekno/read/4924615/sony-rombak-layanan-playstation-plus-per-juni-2022-kini-tersedia-3-tiers,popular,liputan.com
Tips Terhindar Beli Daging Gelonggongan Jelang Ramadan ala Guru Besar Unair,29 Maret 2022 18:06 WIB,Dian Kurniawan,https://surabaya.liputan6.com/read/4924201/tips-terhindar-beli-daging-gelonggongan-jelang-ramadan-ala-guru-besar-unair,popular,liputan.com
Top 3: DPR Setujui Harga BBM Nonsubsidi Sesuai Keekonomian,30 Maret 2022 06:30 WIB,Arief Rahman Hakim,https://www.liputan6.com/bisnis/read/4924677/top-3-dpr-setujui-harga-bbm-nonsubsidi-sesuai-keekonomian,popular,liputan.com
Gamer Ini Sukses Tamatkan Elden Ring dalam Waktu Kurang dari 20 Menit,30 Maret 2022 07:30 WIB,Yuslianson,https://www.liputan6.com/tekno/read/4923881/gamer-ini-sukses-tamatkan-elden-ring-dalam-waktu-kurang-dari-20-menit,popular,liputan.com
Peminat Vaksinasi Booster di Surabaya Meningkat Jelang Ramadan,30 Maret 2022 07:08 WIB,Dian Kurniawan,https://surabaya.liputan6.com/read/4924556/peminat-vaksinasi-booster-di-surabaya-meningkat-jelang-ramadan,popular,liputan.com
"Karaoke, Spa dan Diskotek di Surabaya Wajib Tutup Saat Ramadan",30 Maret 2022 05:08 WIB,Dian Kurniawan,https://surabaya.liputan6.com/read/4924490/karaoke-spa-dan-diskotek-di-surabaya-wajib-tutup-saat-ramadan,popular,liputan.com
"Festival Paku Bumi, Ajang Icip-Icip Kuliner Tradisional Khas Banyuwangi",30 Maret 2022 06:08 WIB,Hermawan Arifianto,https://surabaya.liputan6.com/read/4923956/festival-paku-bumi-ajang-icip-icip-kuliner-tradisional-khas-banyuwangi,popular,liputan.com
Bareskrim Tegaskan Punya Alat Bukti Yang Cukup Tetapkan Saifuddin Ibrahim Jadi Tersangka,30 Maret 2022 15:22 WIB,Igman Ibrahim,https://www.tribunnews.com/nasional/2022/03/30/bareskrim-tegaskan-punya-alat-bukti-yang-cukup-tetapkan-saifuddin-ibrahim-jadi-tersangka,biasa,tribun.com
"Mantan Stafsus Bantah Terawan Mengiklankan Diri soal Terapi Cuci Otak, Minta Pembuktian IDI",30 Maret 2022 15:10 WIB,Milani Resti Dilanggi,https://www.tribunnews.com/nasional/2022/03/30/mantan-stafsus-bantah-terawan-mengiklankan-diri-soal-terapi-cuci-otak-minta-pembuktian-idi,biasa,tribun.com
"10 Negara yang Saat Ini Mengalami Lonjakan Kasus Covid-19, Inggris hingga Korea Selatan",30 Maret 2022 15:32 WIB,Tiara Shelavie,https://www.tribunnews.com/internasional/2022/03/30/10-negara-yang-saat-ini-mengalami-lonjakan-kasus-covid-19-inggris-hingga-korea-selatan,biasa,tribun.com
SMRC: 64% Publik Puas Terhadap Kinerja Presiden Jokowi tapi Tren Selama 3 Bulan Alami Penurunan,30 Maret 2022 15:06 WIB,Reza Deni,https://www.tribunnews.com/nasional/2022/03/30/smrc-64-publik-puas-terhadap-kinerja-presiden-jokowi-tapi-tren-selama-3-bulan-alami-penurunan,biasa,tribun.com
"Kapan Puasa Ramadan 2022? Muhammadiyah Tanggal 2 April, Kemenag Gelar Sidang Isbat 1 April",30 Maret 2022 14:54 WIB,Devi Rahma Syafira,https://www.tribunnews.com/ramadan/2022/03/30/kapan-puasa-ramadan-2022-muhammadiyah-tanggal-2-april-kemenag-gelar-sidang-isbat-1-april,biasa,tribun.com
Perampok yang Bunuh Satpam di Semarang Dibekuk Sekitar 6 Jam Usai Dilaporkan,30 Maret 2022 17:18 WIB,Eko Sutriyanto,https://www.tribunnews.com/regional/2022/03/30/perampok-yang-bunuh-satpam-di-semarang-dibekuk-sekitar-6-jam-usai-dilaporkan,biasa,tribun.com
SMRC: 41 Persen Publik Nilai Kinerja Pemerintah Semakin Memburuk Tangani Harga Sembako,30 Maret 2022 15:26 WIB,Reza Deni,https://www.tribunnews.com/nasional/2022/03/30/smrc-41-persen-publik-nilai-kinerja-pemerintah-semakin-memburuk-tangani-harga-sembako,biasa,tribun.com
Menakar Gizi dan Manfaat Konsumsi Tempe bagi Kesehatan,30 Maret 2022 17:18 WIB,Aisyah Nursyamsi,https://www.tribunnews.com/lifestyle/2022/03/30/menakar-gizi-dan-manfaat-konsumsi-tempe-bagi-kesehatan,biasa,tribun.com
"RAMALAN ZODIAK CINTA Kamis 31 Maret 2022: Gemini Jaga Komitmen, Scorpio Alami Masalah dengan Kekasih",30 Maret 2022 17:17 WIB,Oktaviani Wahyu Widayanti,https://www.tribunnews.com/lifestyle/2022/03/30/ramalan-zodiak-cinta-kamis-31-maret-2022-gemini-jaga-komitmen-scorpio-alami-masalah-dengan-kekasih,biasa,tribun.com
Marcus Fernaldi Gideon Operasi Tulang Yang Tumbuh Di Ankle Kaki Kanan,30 Maret 2022 17:16 WIB,Toni Bramantoro,https://www.tribunnews.com/sport/2022/03/30/marcus-fernaldi-gideon-operasi-tulang-yang-tumbuh-di-ankle-kaki-kanan,biasa,tribun.com
"Bakal Tanding Tinju, Azka Corbuzier Yakin Bisa Jatuhkan Vicky Prasetyo di Ronde 2",30 Maret 2022 17:16 WIB,Indah Aprilin Cahyani,https://www.tribunnews.com/seleb/2022/03/30/bakal-tanding-tinju-azka-corbuzier-yakin-bisa-jatuhkan-vicky-prasetyo-di-ronde-2,biasa,tribun.com
"Sebaran 3.840 Kasus Corona 30 Maret 2022: DKI Jakarta Tertinggi, Sumbang 901 Kasus",30 Maret 2022 17:13 WIB,Yohanes Liestyo Poerwoto,https://www.tribunnews.com/corona/2022/03/30/sebaran-3840-kasus-corona-30-maret-2022-dki-jakarta-tertinggi-sumbang-901-kasus,biasa,tribun.com
"Sosok Annas Maamun, Mantan Gubernur Riau yang Dijemput Paksa oleh Petugas KPK dari Rumahnya",30 Maret 2022 17:09 WIB,Malvyandie Haryadi,https://www.tribunnews.com/nasional/2022/03/30/sosok-annas-maamun-mantan-gubernur-riau-yang-dijemput-paksa-oleh-petugas-kpk-dari-rumahnya,biasa,tribun.com
"Pameran Otomotif IIMS 2022 Dibuka Besok, Presiden Jokowi Dikabarkan Hadir",30 Maret 2022 17:09 WIB,Lita Febriani,https://www.tribunnews.com/otomotif/2022/03/30/pameran-otomotif-iims-2022-dibuka-besok-presiden-jokowi-dikabarkan-hadir,biasa,tribun.com
Tommy Soeharto Berencana Ajukan PK Usai Pelajari Putusan MA,30 Maret 2022 17:09 WIB,chaerul umam,https://www.tribunnews.com/nasional/2022/03/30/tommy-soeharto-berencana-ajukan-pk-usai-pelajari-putusan-ma,biasa,tribun.com
"Pemanggilan Andi Arief Dituding Tekan Oposisi, Ini Jawaban KPK",30 Maret 2022 17:08 WIB,Ilham Rian Pratama,https://www.tribunnews.com/nasional/2022/03/30/pemanggilan-andi-arief-dituding-tekan-oposisi-ini-jawaban-kpk,biasa,tribun.com
"Ramaikan Industri Lagu Anak-anak, Haykaal Nyanyikan Karya Mendiang A.T Mahmud",30 Maret 2022 17:07 WIB,bayu indra permana,https://www.tribunnews.com/seleb/2022/03/30/ramaikan-industri-lagu-anak-anak-haykaal-nyanyikan-karya-mendiang-at-mahmud,biasa,tribun.com
19 Siswa Jatuh Usai Jembatan Gantung di Tanjung Jabung Barat yang Dilintasinya Putus,30 Maret 2022 17:07 WIB,Eko Sutriyanto,https://www.tribunnews.com/regional/2022/03/30/19-siswa-jatuh-usai-jembatan-gantung-di-tanjung-jabung-barat-yang-dilintasinya-putus,biasa,tribun.com
"Hasil BRI Liga 1: Bhayangkara FC Gulung Persiraja, Kans Arema & Persebaya ke Piala AFC Sirna",30 Maret 2022 17:07 WIB,Drajat Sugiri,https://www.tribunnews.com/superskor/2022/03/30/hasil-bri-liga-1-bhayangkara-fc-gulung-persiraja-kans-arema-persebaya-ke-piala-afc-sirna,biasa,tribun.com
"Brasil Menang Atas Bolivia di Tempat yang Sulit, Tite Bahas Taktik 4-4-3, Dia Bilang Seperti Ini",30 Maret 2022 17:06 WIB,Muhammad Barir,https://www.tribunnews.com/superskor/2022/03/30/brasil-menang-atas-bolivia-di-tempat-yang-sulit-tite-bahas-taktik-4-4-3-dia-bilang-seperti-ini,biasa,tribun.com
"AC Milan-Real Madrid Bahas Transfer Diaz-Hazard-Luka Jovic, Rossoneri Kepincut Bek Kiri dari Brasil",30 Maret 2022 17:04 WIB,Hasiolan Eko P Gultom,https://www.tribunnews.com/superskor/2022/03/30/ac-milan-real-madrid-bahas-transfer-diaz-hazard-luka-jovic-rossoneri-kepincut-bek-kiri-dari-brasil,biasa,tribun.com
"BREAKING NEWS Update Corona 30 Maret 2022: Tambah 3.840 Kasus Baru, 118 Jiwa Meninggal",30 Maret 2022 17:04 WIB,Suci Bangun Dwi Setyaningsih,https://www.tribunnews.com/corona/2022/03/30/breaking-news-update-corona-30-maret-2022-tambah-3840-kasus-baru-118-jiwa-meninggal,biasa,tribun.com
Sorotan BRI Liga 1 - Robert Alberts Ingin Persib Bandung Akhiri Musim dengan Bangga,30 Maret 2022 17:03 WIB,Muhammad Nursina Rasyidin,https://www.tribunnews.com/superskor/2022/03/30/sorotan-bri-liga-1-robert-alberts-ingin-persib-bandung-akhiri-musim-dengan-bangga,biasa,tribun.com
"Hasil Orleans Masters, Ruselli Hartawan Tumbangkan Tunggal Putri Malaysia",30 Maret 2022 17:01 WIB,Niken Thalia,https://www.tribunnews.com/sport/2022/03/30/hasil-orleans-masters-ruselli-hartawan-tumbangkan-tunggal-putri-malaysia,biasa,tribun.com
"Targetkan Bisa Jadi RS Rujukan Kanker, Ciputra Hospital Citra Raya Lakukan Ekspansi",30 Maret 2022 17:00 WIB,Sanusi,https://www.tribunnews.com/bisnis/2022/03/30/targetkan-bisa-jadi-rs-rujukan-kanker-ciputra-hospital-citra-raya-lakukan-ekspansi,biasa,tribun.com
"Survei SMRC: 64,6 Persen Warga Puas Terhadap Kinerja Jokowi, Turun dalam Setahun Terakhir",30 Maret 2022 16:59 WIB,Suci Bangun Dwi Setyaningsih,https://www.tribunnews.com/nasional/2022/03/30/survei-smrc-646-persen-warga-puas-terhadap-kinerja-jokowi-turun-dalam-setahun-terakhir,biasa,tribun.com
"Cek Ketersediaan Sembako Jelang Ramadan, Presiden Jokowi Berharap Tidak Terjadi Lonjakan Harga",30 Maret 2022 14:56 WIB,Taufik Ismail,https://www.tribunnews.com/ramadan/2022/03/30/cek-ketersediaan-sembako-jelang-ramadan-presiden-jokowi-berharap-tidak-terjadi-lonjakan-harga,biasa,tribun.com
"Ditembak Mati, Pimpinan KKB Papua Toni Tabuni Pernah Rampas Senjata Aparat Hingga Bakar Bandara",30 Maret 2022 16:58 WIB,Igman Ibrahim,https://www.tribunnews.com/nasional/2022/03/30/ditembak-mati-pimpinan-kkb-papua-toni-tabuni-pernah-rampas-senjata-aparat-hingga-bakar-bandara,biasa,tribun.com
Dokter di Sumut Jadi Korban KDRT: Bermula dari Korban Pergoki Suami Pakai Dompet dan Baju Baru,30 Maret 2022 16:57 WIB,Erik S,https://www.tribunnews.com/regional/2022/03/30/dokter-di-sumut-jadi-korban-kdrt-bermula-dari-korban-pergoki-suami-pakai-dompet-dan-baju-baru,biasa,tribun.com
Pembelian Properti di Turki Melonjak Drastis Setelah Rusia Invasi Ukraina,30 Maret 2022 16:56 WIB,Namira Yunia Lestanti,https://www.tribunnews.com/properti/2022/03/30/pembelian-properti-di-turki-melonjak-drastis-setelah-rusia-invasi-ukraina,biasa,tribun.com
"KPK Jemput Paksa Mantan Gubernur Riau Annas Maamun, Ada Apa?",30 Maret 2022 16:55 WIB,Ilham Rian Pratama,https://www.tribunnews.com/nasional/2022/03/30/kpk-jemput-paksa-mantan-gubernur-riau-annas-maamun-ada-apa,biasa,tribun.com
"Beda 18 Tahun dengan Ricky, Kalina Oktarani Tak Ingin Buru-buru Menikah: Serius, Cuma Lebih Santai",30 Maret 2022 16:55 WIB,Katarina Retri Yudita,https://www.tribunnews.com/seleb/2022/03/30/beda-18-tahun-dengan-ricky-kalina-oktarani-tak-ingin-buru-buru-menikah-serius-cuma-lebih-santai,biasa,tribun.com
"VIDEO Kecelakaan Truk Tangki Bermuatan 14.000 Liter Minyak Goreng, Warga Berebut hingga ke Selokan",30 Maret 2022 16:54 WIB,Endra Kurniawan,https://www.tribunnews.com/regional/2022/03/30/video-kecelakaan-truk-tangki-bermuatan-14000-liter-minyak-goreng-warga-berebut-hingga-ke-selokan,biasa,tribun.com
"NATO Terbelah Hadapi Rusia, Prancis-Jerman Ingin Solusi Damai",30 Maret 2022 16:52 WIB,Setya Krisna Sumarga,https://www.tribunnews.com/internasional/2022/03/30/nato-terbelah-hadapi-rusia-prancis-jerman-ingin-solusi-damai,biasa,tribun.com
"Kembangkan UMKM Fesyen, Pulau Intan Lestari Operasikan Gerai Offline Pertama",30 Maret 2022 16:51 WIB,Hasiolan Eko P Gultom,https://www.tribunnews.com/bisnis/2022/03/30/kembangkan-umkm-fesyen-pulau-intan-lestari-operasikan-gerai-offline-pertama,biasa,tribun.com
KPU Gelar Uji Coba Sistem Informasi Rekapitulasi untuk Pemilu 2024,30 Maret 2022 16:48 WIB,Danang Triatmojo,https://www.tribunnews.com/nasional/2022/03/30/kpu-gelar-uji-coba-sistem-informasi-rekapitulasi-untuk-pemilu-2024,biasa,tribun.com
Lionel Messi Tidak Mau Kembali Lagi ke Barcelona Selama Joan Laporta Menjadi Presiden Blaugrana,30 Maret 2022 16:45 WIB,Muhammad Barir,https://www.tribunnews.com/superskor/2022/03/30/lionel-messi-tidak-mau-kembali-lagi-ke-barcelona-selama-joan-laporta-menjadi-presiden-blaugrana,biasa,tribun.com
ICW Desak Luhut Harus Buktikan Kebenaran Big Data Penundaan Pemilu kepada Publik,30 Maret 2022 16:41 WIB,Ilham Rian Pratama,https://www.tribunnews.com/nasional/2022/03/30/icw-desak-luhut-harus-buktikan-kebenaran-big-data-penundaan-pemilu-kepada-publik,biasa,tribun.com
"Tidak Kuorum, Kahar Muzakir Batal Dilantik Jadi Ketua Komisi XI DPR",30 Maret 2022 16:41 WIB,chaerul umam,https://www.tribunnews.com/nasional/2022/03/30/tidak-kuorum-kahar-muzakir-batal-dilantik-jadi-ketua-komisi-xi-dpr,biasa,tribun.com
"Silakan Pasangkan Puan-Anies di Pilpres 2024, Bappilu PDIP: Tapi Keputusan Akhir Kita Sudah Paham",30 Maret 2022 16:39 WIB,Fransiskus Adhiyuda Prasetia,https://www.tribunnews.com/nasional/2022/03/30/silakan-pasangkan-puan-anies-di-pilpres-2024-bappilu-pdip-tapi-keputusan-akhir-kita-sudah-paham,biasa,tribun.com
Geger Penemuan Mayat Pria di Dermaga Gugang Gandus Palembang,30 Maret 2022 16:38 WIB,Eko Sutriyanto,https://www.tribunnews.com/regional/2022/03/30/geger-penemuan-mayat-pria-di-dermaga-gugang-gandus-palembang,biasa,tribun.com
Pembahasan Tuberkulosis di Forum G20 Jadi Langkah Kongkret Pemerintah Eleminasi TB,30 Maret 2022 16:38 WIB,Choirul Arifin,https://www.tribunnews.com/kesehatan/2022/03/30/pembahasan-tuberkulosis-di-forum-g20-jadi-langkah-kongkret-pemerintah-eleminasi-tb,biasa,tribun.com
Tips dan Strategi Khatam Al Quran dalam 1 Bulan Ramadan,30 Maret 2022 16:37 WIB,Delta Lidina Putri,https://www.tribunnews.com/podcast/2022/03/30/tips-dan-strategi-khatam-al-quran-dalam-1-bulan-ramadan,biasa,tribun.com
"Pendaftaran UTBK-SBMPTN Tahun 2022 Diakses Melalui portal.ltmpt.ac.id, Simak Alur Pendaftarannya",30 Maret 2022 16:36 WIB,Oktaviani Wahyu Widayanti,https://www.tribunnews.com/pendidikan/2022/03/30/pendaftaran-utbk-sbmptn-tahun-2022-diakses-melalui-portalltmptacid-simak-alur-pendaftarannya,biasa,tribun.com
Update Hasil Orleans Masters 2022: Rehan/Lisa Ikuti Jejak Zachariah/Hediana Lolos ke Babak 16 Besar,30 Maret 2022 16:33 WIB,Niken Thalia,https://www.tribunnews.com/sport/2022/03/30/update-hasil-orleans-masters-2022-rehanlisa-ikuti-jejak-zachariahhediana-lolos-ke-babak-16-besar,biasa,tribun.com
"Tilang Elektronik Jalan Tol 1 April, Korban Indra Kenz Rugi Rp 2,5 M, Kronologi Kecelakaan D'Masiv",30 Maret 2022 16:33 WIB,Delta Lidina Putri,https://www.tribunnews.com/podcast/2022/03/30/tilang-elektronik-jalan-tol-1-april-korban-indra-kenz-rugi-rp-25-m-kronologi-kecelakaan-dmasiv,biasa,tribun.com
Puasa Ramadhan 2022 Jatuh pada Sabtu atau Minggu? Cek Hasil Sidang Isbat 1 Ramadhan 1443 H di Sini,30 Maret 2022 16:32 WIB,Sri Juliati,https://www.tribunnews.com/nasional/2022/03/30/puasa-ramadhan-2022-jatuh-pada-sabtu-atau-minggu-cek-hasil-sidang-isbat-1-ramadhan-1443-h-di-sini,biasa,tribun.com
"BERITA FOTO:  Antrean Mengular, Warga 'Serbu' Lokasi Vaksinasi Covid-19 Agar Bisa Mudik Lebaran",30 Maret 2022 14:53 WIB,Hasanudin Aco,https://www.tribunnews.com/metropolitan/2022/03/30/berita-foto-antrean-mengular-warga-serbu-lokasi-vaksinasi-covid-19-agar-bisa-mudik-lebaran,biasa,tribun.com
"Kondisinya Mengkhawatirkan, Begini Nasib Anak-anak di Sumbar yang Diduga Direkrut Teroris NII",30 Maret 2022 09:31 WIB,Igman Ibrahim,https://www.tribunnews.com/nasional/2022/03/30/kondisinya-mengkhawatirkan-begini-nasib-anak-anak-di-sumbar-yang-diduga-direkrut-teroris-nii,biasa,tribun.com
"27 Negara Rebut Tiket Piala Dunia Qatar 2022, Hari Ini 7 Negara Memastikan Diri Termasuk Portugal",30 Maret 2022 09:29 WIB,Muhammad Barir,https://www.tribunnews.com/superskor/2022/03/30/27-negara-rebut-tiket-piala-dunia-qatar-2022-hari-ini-7-negara-memastikan-diri-termasuk-portugal,biasa,tribun.com
"KPK Ultimatum Andi Arief, Diminta Kooperatif Penuhi Panggilan Berikutnya",30 Maret 2022 09:04 WIB,Theresia Felisiani,https://www.tribunnews.com/nasional/2022/03/30/kpk-ultimatum-andi-arief-diminta-kooperatif-penuhi-panggilan-berikutnya,biasa,tribun.com
Benda Mencurigakan dengan Timer dan Kabel Ditemukan di Dekat Balai Kota Solo,30 Maret 2022 09:32 WIB,Nanda Lusiana Saputri,https://www.tribunnews.com/regional/2022/03/30/benda-mencurigakan-dengan-timer-dan-kabel-ditemukan-di-dekat-balai-kota-solo,biasa,tribun.com
"Soal Pemberhentian Terawan, Ahli Hukum Pidana: Jangan Sangkut Pautkan Ke Politik",30 Maret 2022 08:40 WIB,Milani Resti Dilanggi,https://www.tribunnews.com/nasional/2022/03/30/soal-pemberhentian-terawan-ahli-hukum-pidana-jangan-sangkut-pautkan-ke-politik,biasa,tribun.com
"BERITA FOTO:  Antrean Mengular, Warga 'Serbu' Lokasi Vaksinasi Covid-19 Agar Bisa Mudik Lebaran",30 Maret 2022 14:53 WIB,Hasanudin Aco,https://www.tribunnews.com/metropolitan/2022/03/30/berita-foto-antrean-mengular-warga-serbu-lokasi-vaksinasi-covid-19-agar-bisa-mudik-lebaran,popular,tribun.com
"Kades Se-Indonesia Ingin Jokowi Tiga Periode, Nasdem: Elite Politik Jangan Rusak Konstitusi",30 Maret 2022 12:56 WIB,Theresia Felisiani,https://www.tribunnews.com/nasional/2022/03/30/kades-se-indonesia-ingin-jokowi-tiga-periode-nasdem-elite-politik-jangan-rusak-konstitusi,popular,tribun.com
Prediksi Line-up Arema FC vs PSM Makassar di BRI Liga 1: Skuat Tempur Terbaik Tapi Beda Kepentingan,30 Maret 2022 12:59 WIB,Drajat Sugiri,https://www.tribunnews.com/superskor/2022/03/30/prediksi-line-up-arema-fc-vs-psm-makassar-di-bri-liga-1-skuat-tempur-terbaik-tapi-beda-kepentingan,popular,tribun.com
"Doa untuk Menyambut Bulan Ramadhan, Bisa Dibaca 1 Hari Sebelum Memasuki Ramadhan",30 Maret 2022 11:59 WIB,Widya Lisfianti,https://www.tribunnews.com/nasional/2022/03/30/doa-untuk-menyambut-bulan-ramadhan-bisa-dibaca-1-hari-sebelum-memasuki-ramadhan,popular,tribun.com
"RAMALAN ZODIAK Kamis 31 Maret 2022: Aries Ingin Ungkapkan Sesuatu, Leo Khawatir dan Curigai Kekasih",30 Maret 2022 14:29 WIB,Yunita Rahmayanti,https://www.tribunnews.com/lifestyle/2022/03/30/ramalan-zodiak-kamis-31-maret-2022-aries-ingin-ungkapkan-sesuatu-leo-khawatir-dan-curigai-kekasih,popular,tribun.com
"BREAKING NEWS: Pimpinan KKB Ndeotadi, Toni Tabuni Tewas Saat Operasi Penangkapan di Nabire Papua",30 Maret 2022 12:06 WIB,Eko Sutriyanto,https://www.tribunnews.com/regional/2022/03/30/breaking-news-pimpinan-kkb-ndeotadi-toni-tabuni-tewas-saat-operasi-penangkapan-di-nabire-papua,popular,tribun.com
IDI dan Dokter Terawan Aset Bangsa,30 Maret 2022 12:03 WIB,Hasanudin Aco,https://www.tribunnews.com/tribunners/2022/03/30/idi-dan-dokter-terawan-aset-bangsa,popular,tribun.com
"Tanggapi Putusan MK Tolak Perpanjangan Usia Pensiun Prajurit TNI, Anggota DPR: Final dan Binding",30 Maret 2022 14:03 WIB,Fransiskus Adhiyuda Prasetia,https://www.tribunnews.com/nasional/2022/03/30/tanggapi-putusan-mk-tolak-perpanjangan-usia-pensiun-prajurit-tni-anggota-dpr-final-dan-binding,popular,tribun.com
"Kronologi Mahasiswa di Kuningan Bunuh Wanita 42 Tahun Usai Bercinta, Awalnya Pelaku Minta Lagi",30 Maret 2022 12:50 WIB,Adi Suhendi,https://www.tribunnews.com/regional/2022/03/30/kronologi-mahasiswa-di-kuningan-bunuh-wanita-42-tahun-usai-bercinta-awalnya-pelaku-minta-lagi,popular,tribun.com
"PROFIL Surta Wijaya, Ketum DPP APDESI yang Jadi Sorotan karena Deklarasi Jokowi 3 Periode",30 Maret 2022 12:33 WIB,Faryyanida Putwiliani,https://www.tribunnews.com/nasional/2022/03/30/profil-surta-wijaya-ketum-dpp-apdesi-yang-jadi-sorotan-karena-deklarasi-jokowi-3-periode,popular,tribun.com
"Isu M Taufik Pindah NasDem, Desmond: Dia Nggak Guna di Gerindra!","Rabu, 30 Mar 2022 15:16 WIB",Rolando Fransiscus Sihombing - detikNews,https://news.detik.com/berita/d-6008134/isu-m-taufik-pindah-nasdem-desmond-dia-nggak-guna-di-gerindra,popular,detik.com
"Massa Buruh Demo Di-PHK Sepihak, PT Unilever Buka Suara","Rabu, 30 Mar 2022 16:24 WIB",Tim detikcom - detikNews,https://news.detik.com/berita/d-6008263/massa-buruh-demo-di-phk-sepihak-pt-unilever-buka-suara,popular,detik.com
Ironi Mohamed Salah,"Rabu, 30 Mar 2022 16:00 WIB",Afif Farhan - Sepakbola,https://sport.detik.com/sepakbola/bola-dunia/d-6008084/ironi-mohamed-salah,popular,detik.com
Kemenkes Buka-bukaan Soal Disetopnya Hibah Vaksin COVID Luar Negeri,"Rabu, 30 Mar 2022 16:02 WIB",Nafilah Sri Sagita K - detikHealth,https://health.detik.com/berita-detikhealth/d-6008234/kemenkes-buka-bukaan-soal-disetopnya-hibah-vaksin-covid-luar-negeri,popular,detik.com
Alasan Deddy Corbuzier Tak Melayat Ibu Kalina Oktarani,"Rabu, 30 Mar 2022 16:18 WIB",Prih Prawesti Febrian - detikHot,https://hot.detik.com/celeb/d-6007814/alasan-deddy-corbuzier-tak-melayat-ibu-kalina-oktarani,popular,detik.com
Polri Minta Pendeta Saifuddin Ibrahim Segera Serahkan Diri!,"Rabu, 30 Mar 2022 15:03 WIB",Rakha Arlyanto Darmawan - detikNews,https://news.detik.com/berita/d-6008091/polri-minta-pendeta-saifuddin-ibrahim-segera-serahkan-diri,popular,detik.com
Kencang Isu M Taufik Gerindra Loncat ke NasDem,"Rabu, 30 Mar 2022 15:10 WIB",Gibran - detikNews,https://news.detik.com/berita/d-6008113/kencang-isu-m-taufik-gerindra-loncat-ke-nasdem,popular,detik.com
"Danjen Kopassus 3 Kali Ganti dalam 4 Bulan, Legislator Bicara Pati Berkualitas","Rabu, 30 Mar 2022 16:45 WIB",Rolando Fransiscus Sihombing - detikNews,https://news.detik.com/berita/d-6008304/danjen-kopassus-3-kali-ganti-dalam-4-bulan-legislator-bicara-pati-berkualitas,popular,detik.com
Rusia Mau Tinggalkan UEFA lalu Gabung AFC?,"Rabu, 30 Mar 2022 16:40 WIB",Kris Fathoni W - Sepakbola,https://sport.detik.com/sepakbola/bola-dunia/d-6008220/rusia-mau-tinggalkan-uefa-lalu-gabung-afc,popular,detik.com
Terbaru! Kapasitas Tempat Ibadah di Daerah PPKM Level 1 Boleh 100%,"Rabu, 30 Mar 2022 16:07 WIB",Tim detikcom - detikNews,https://news.detik.com/berita/d-6008241/terbaru-kapasitas-tempat-ibadah-di-daerah-ppkm-level-1-boleh-100,popular,detik.com
Mobil Misterius Diduga Toyota Innova Baru Ketangkap Kamera Lagi,"Rabu, 30 Mar 2022 16:08 WIB",Rangga Rahadiansyah - detikOto,https://oto.detik.com/mobil/d-6008225/mobil-misterius-diduga-toyota-innova-baru-ketangkap-kamera-lagi,popular,detik.com
"Jadi Meme, Wajah Syok Nicole Kidman di Oscar Bukan karena Insiden Pemukulan","Rabu, 30 Mar 2022 15:16 WIB",Hestianingsih - wolipop,https://wolipop.detik.com/entertainment-news/d-6008133/jadi-meme-wajah-syok-nicole-kidman-di-oscar-bukan-karena-insiden-pemukulan,popular,detik.com
Adakah Cuti Bersama Lebaran 2022? Ini Kata Pemerintah,"Rabu, 30 Mar 2022 15:21 WIB",Johanes Randy Prakoso,https://travel.detik.com/travel-news/d-6008151/adakah-cuti-bersama-lebaran-2022-ini-kata-pemerintah,popular,detik.com
"Chef Lucky Andreono Meninggal Dunia, Mengawali Karir dari MasterChef Indonesia","Rabu, 30 Mar 2022 14:00 WIB",Riska Fitria - detikFood,https://food.detik.com/info-kuliner/d-6007951/chef-lucky-andreono-meninggal-dunia-mengawali-karir-dari-masterchef-indonesia,popular,detik.com
Bocoran Mobil-Motor Baru yang Meluncur di IIMS 2022,"Rabu, 30 Mar 2022 16:49 WIB",Luthfi Anshori - detikOto,https://oto.detik.com/mobil/d-6008311/bocoran-mobil-motor-baru-yang-meluncur-di-iims-2022,popular,detik.com
"Dijuluki 'Pelat Dewa', Apa Itu Pelat Nomor RFS, RFD, RFP dan yang Lainnya?","Rabu, 30 Mar 2022 13:49 WIB",Tim detikcom - detikOto,https://oto.detik.com/berita/d-6007970/dijuluki-pelat-dewa-apa-itu-pelat-nomor-rfs-rfd-rfp-dan-yang-lainnya,popular,detik.com
"Dapat Oleh-oleh Pia, Wanita Muslim Ini Tak Sadar Makan Pia Mengandung Babi","Rabu, 30 Mar 2022 15:00 WIB",Yenny Mustika Sari - detikFood,https://food.detik.com/info-kuliner/d-6007839/dapat-oleh-oleh-pia-wanita-muslim-ini-tak-sadar-makan-pia-mengandung-babi,popular,detik.com
"Putri Ridwan Kamil Lolos SNMPTN 2022, Masuk Arsitektur ITB","Rabu, 30 Mar 2022 16:00 WIB",Fahri Zulfikar - detikEdu,https://www.detik.com/edu/edutainment/d-6008149/putri-ridwan-kamil-lolos-snmptn-2022-masuk-arsitektur-itb,popular,detik.com
Curhat Model Playboy yang Menyesal Foto Topless Saat Punya Anak Perempuan,"Rabu, 30 Mar 2022 16:30 WIB",Rahmi Anjani - wolipop,https://wolipop.detik.com/entertainment-news/d-6008097/curhat-model-playboy-yang-menyesal-foto-topless-saat-punya-anak-perempuan,popular,detik.com
"DPR Usul Digratiskan, Segini Biaya Perpanjang SIM Terbaru","Rabu, 30 Mar 2022 15:14 WIB",Ridwan Arifin - detikOto,https://oto.detik.com/berita/d-6008131/dpr-usul-digratiskan-segini-biaya-perpanjang-sim-terbaru,popular,detik.com
"2 Investor Mau Cabut dari IKN Susul SoftBank, Luhut: yang Ada Malah Nambah","Rabu, 30 Mar 2022 16:03 WIB",Kholida Qothrunnada - detikFinance,https://finance.detik.com/infrastruktur/d-6008236/2-investor-mau-cabut-dari-ikn-susul-softbank-luhut-yang-ada-malah-nambah,biasa,detik.com
"Menag Yaqut: Arab Saudi Urusan Toa Pun Diatur, Kalau Ribut Kurang Piknik","Rabu, 30 Mar 2022 17:14 WIB",Lisye Sri Rahayu - detikNews,https://news.detik.com/berita/d-6008383/menag-yaqut-arab-saudi-urusan-toa-pun-diatur-kalau-ribut-kurang-piknik,biasa,detik.com
Anwar Abbas Suuzan Frasa Madrasah Tak Masuk RUU Sisdiknas: Ada Apa Ini?,"Rabu, 30 Mar 2022 17:13 WIB",Matius Alfons - detikNews,https://news.detik.com/berita/d-6008378/anwar-abbas-suuzan-frasa-madrasah-tak-masuk-ruu-sisdiknas-ada-apa-ini,biasa,detik.com
Rusia Mau Tinggalkan UEFA lalu Gabung AFC?,"Rabu, 30 Mar 2022 16:40 WIB",Kris Fathoni W - Sepakbola,https://sport.detik.com/sepakbola/bola-dunia/d-6008220/rusia-mau-tinggalkan-uefa-lalu-gabung-afc,biasa,detik.com
"DPR Usul Digratiskan, Segini Biaya Perpanjang SIM Terbaru","Rabu, 30 Mar 2022 15:14 WIB",Ridwan Arifin - detikOto,https://oto.detik.com/berita/d-6008131/dpr-usul-digratiskan-segini-biaya-perpanjang-sim-terbaru,biasa,detik.com
"Saifuddin Ibrahim Diduga di AS, Polisi Tempuh Segala Cara Ungkap Kasus Ini","1,066 Views  |  Rabu, 30 Mar 2022 16:20 WIB",M Haedar Fashal - 20DETIK,https://news.detik.com/detiktv/d-6008290/saifuddin-ibrahim-diduga-di-as-polisi-tempuh-segala-cara-ungkap-kasus-ini,biasa,detik.com
"Meski Dicemooh, Maguire Nikmati Bela Timnas Inggris","Rabu, 30 Mar 2022 17:20 WIB",Yanu Arifin - Sepakbola,https://sport.detik.com/sepakbola/bola-dunia/d-6008238/meski-dicemooh-maguire-nikmati-bela-timnas-inggris,biasa,detik.com
Gerindra Tepis Isu M Taufik Keluar Partai karena Kasus Tanah Munjul,"Rabu, 30 Mar 2022 16:14 WIB",Gibran - detikNews,https://news.detik.com/berita/d-6008254/gerindra-tepis-isu-m-taufik-keluar-partai-karena-kasus-tanah-munjul,biasa,detik.com
Angelina Sondakh Lakukan Banyak Cara Ambil Hati Keanu Massaid,"Rabu, 30 Mar 2022 17:16 WIB",Hanif Hawari - detikHot,https://hot.detik.com/celeb/d-6008173/angelina-sondakh-lakukan-banyak-cara-ambil-hati-keanu-massaid,biasa,detik.com
Mari Bantu Peri Pedagang Lumpia Disabilitas yang Tak Pernah Patah Semangat,"Rabu, 30 Mar 2022 17:02 WIB",Tim detikcom - detikNews,https://news.detik.com/berita/d-6008347/mari-bantu-peri-pedagang-lumpia-disabilitas-yang-tak-pernah-patah-semangat,biasa,detik.com
"Jokowi soal Teriakan 3 Periode: Sering Saya Dengar, Kita Patuh Konstitusi","Rabu, 30 Mar 2022 17:13 WIB",Haris Fadhil - detikNews,https://news.detik.com/berita/d-6008379/jokowi-soal-teriakan-3-periode-sering-saya-dengar-kita-patuh-konstitusi,biasa,detik.com
"DKI Jakarta Tertinggi, Ini Sebaran 3.840 Kasus COVID-19 RI 30 Maret","Rabu, 30 Mar 2022 17:00 WIB",Sarah Oktaviani Alam - detikHealth,https://health.detik.com/berita-detikhealth/d-6008341/dki-jakarta-tertinggi-ini-sebaran-3840-kasus-covid-19-ri-30-maret,biasa,detik.com
Anwar Abbas Suuzan Frasa Madrasah Tak Masuk RUU Sisdiknas: Ada Apa Ini?,"Rabu, 30 Mar 2022 17:13 WIB",Matius Alfons - detikNews,https://news.detik.com/berita/d-6008378/anwar-abbas-suuzan-frasa-madrasah-tak-masuk-ruu-sisdiknas-ada-apa-ini,biasa,detik.com
"2 Eks Pejabat Bea Cukai Soetta Didakwa Peras Perusahaan Jasa Titipan Rp 3,5 M","Rabu, 30 Mar 2022 17:12 WIB",Bahtiar Rifa'i - detikNews,https://news.detik.com/berita/d-6008376/2-eks-pejabat-bea-cukai-soetta-didakwa-peras-perusahaan-jasa-titipan-rp-35-m,biasa,detik.com
"Awas! Minyak Goreng Kemasan Abal-abal Beredar di Pasar, Ini Ciri-cirinya","Rabu, 30 Mar 2022 17:09 WIB",Herdi Alif Al Hikam - detikFinance,https://finance.detik.com/berita-ekonomi-bisnis/d-6008349/awas-minyak-goreng-kemasan-abal-abal-beredar-di-pasar-ini-ciri-cirinya,biasa,detik.com
"PPN Jadi 11%, Harga HP Samsung, Xiaomi dan Realme Bakal Naik?","Rabu, 30 Mar 2022 16:07 WIB",Adi Fida Rahman - detikInet,https://inet.detik.com/consumer/d-6008201/ppn-jadi-11-harga-hp-samsung-xiaomi-dan-realme-bakal-naik,biasa,detik.com
"Sebaran Lengkap 3.840 Kasus Corona RI 30 Maret, Jabar-DKI Terbanyak","Rabu, 30 Mar 2022 17:08 WIB",Isal Mawardi - detikNews,https://news.detik.com/berita/d-6008360/sebaran-lengkap-3840-kasus-corona-ri-30-maret-jabar-dki-terbanyak,biasa,detik.com
AS Ingatkan Warganya Terancam Ditahan Rusia,"Rabu, 30 Mar 2022 17:06 WIB",Tim detikcom - detikNews,https://news.detik.com/internasional/d-6008356/as-ingatkan-warganya-terancam-ditahan-rusia,biasa,detik.com
"Warga Kota Malang Serbu Distributor Migor Curah, Pemkot Buka Suara","Rabu, 30 Mar 2022 16:21 WIB",Muhammad Aminudin - detikJatim,https://www.detik.com/jatim/bisnis/d-6008260/warga-kota-malang-serbu-distributor-migor-curah-pemkot-buka-suara,biasa,detik.com
Karaoke-Rental PlayStation di Banda Aceh Ditutup Selama Ramadan,"Rabu, 30 Mar 2022 17:05 WIB",Agus Setyadi - detikNews,https://news.detik.com/berita/d-6008355/karaoke-rental-playstation-di-banda-aceh-ditutup-selama-ramadan,biasa,detik.com
Gus Choi NasDem soal Apdesi Gaungkan Jokowi 3 Periode: Manuver Edan!,"Rabu, 30 Mar 2022 17:02 WIB",Tim detikcom - detikNews,https://news.detik.com/berita/d-6008345/gus-choi-nasdem-soal-apdesi-gaungkan-jokowi-3-periode-manuver-edan,biasa,detik.com
Menteri Bahlil Kembali Bicara Usul Penundaan Pemilu demi Investasi,"Rabu, 30 Mar 2022 17:01 WIB",Firda Cynthia Anggrainy - detikNews,https://news.detik.com/berita/d-6008344/menteri-bahlil-kembali-bicara-usul-penundaan-pemilu-demi-investasi,biasa,detik.com
"Sinopsis Southpaw di Bioskop Trans TV, Dibintangi Jake Gyllenhaal","Rabu, 30 Mar 2022 17:00 WIB",Tim Wolipop - wolipop,https://wolipop.detik.com/entertainment-news/d-6008057/sinopsis-southpaw-di-bioskop-trans-tv-dibintangi-jake-gyllenhaal,biasa,detik.com
Jempol Pemuda di Majalengka Putus Ditebas Berandalan Bermotor,"Rabu, 30 Mar 2022 15:43 WIB",Erick Disy Darmawan - detikJabar,https://www.detik.com/jabar/hukum-dan-kriminal/d-6008204/jempol-pemuda-di-majalengka-putus-ditebas-berandalan-bermotor,biasa,detik.com
"Siswa Paket C Tak Bisa Ikut SNMPT 2022, Bagaimana dengan SBMPTN?","Rabu, 30 Mar 2022 17:00 WIB",Novia Aisyah - detikEdu,https://www.detik.com/edu/seleksi-masuk-pt/d-6008316/siswa-paket-c-tak-bisa-ikut-snmpt-2022-bagaimana-dengan-sbmptn,biasa,detik.com
Carlo Ancelotti Positif COVID-19,"Rabu, 30 Mar 2022 17:00 WIB",Novitasari Dewi Salusi - Sepakbola,https://sport.detik.com/sepakbola/liga-spanyol/d-6008330/carlo-ancelotti-positif-covid-19,biasa,detik.com
"Congrats! Nashwa Zahira Lulus SNMPTN, Masuk Fakultas Kedokteran USU","Rabu, 30 Mar 2022 17:00 WIB",Prih Prawesti Febrian - detikHot,https://hot.detik.com/celeb/d-6007867/congrats-nashwa-zahira-lulus-snmptn-masuk-fakultas-kedokteran-usu,biasa,detik.com
"Para Jomblo, Ini Ada Jasa Bangunkan Sahur Plus Menu Makanannya","Rabu, 30 Mar 2022 17:00 WIB",Riska Fitria - detikFood,https://food.detik.com/info-kuliner/d-6007783/para-jomblo-ini-ada-jasa-bangunkan-sahur-plus-menu-makanannya,biasa,detik.com
Cara Petani Sawit Genjot Produktivitas,"Rabu, 30 Mar 2022 16:59 WIB",Sylke Febrina Laucereno - detikFinance,https://finance.detik.com/berita-ekonomi-bisnis/d-6008340/cara-petani-sawit-genjot-produktivitas,biasa,detik.com
Luhut Sebut Xi Jinping Bakal Resmikan Kereta Cepat Jakarta-Bandung,"Rabu, 30 Mar 2022 16:59 WIB",Kholida Qothrunnada - detikFinance,https://finance.detik.com/infrastruktur/d-6008339/luhut-sebut-xi-jinping-bakal-resmikan-kereta-cepat-jakarta-bandung,biasa,detik.com
KPK Jemput Paksa Eks Gubernur Riau Annas Maamun!,"Rabu, 30 Mar 2022 16:56 WIB",Muhammad Hanafi Aryan - detikNews,https://news.detik.com/berita/d-6008337/kpk-jemput-paksa-eks-gubernur-riau-annas-maamun,biasa,detik.com
"Update Corona RI 30 Maret Tambah 3.840 Kasus Baru, Meninggal 118","Rabu, 30 Mar 2022 16:53 WIB",Firdaus Anwar - detikHealth,https://health.detik.com/berita-detikhealth/d-6008331/update-corona-ri-30-maret-tambah-3840-kasus-baru-meninggal-118,biasa,detik.com
PMII Ingin Proyek Lumbung Ikan Nasional di Maluku Lanjut,"Rabu, 30 Mar 2022 16:51 WIB",Arief Ikhsanudin - detikNews,https://news.detik.com/berita/d-6008317/pmii-ingin-proyek-lumbung-ikan-nasional-di-maluku-lanjut,biasa,detik.com
Robot Asimo yang Legendaris Pensiun Setelah 20 Tahun Berkarir,"Rabu, 30 Mar 2022 16:50 WIB",Rachmatunnisa - detikInet,https://inet.detik.com/science/d-6008313/robot-asimo-yang-legendaris-pensiun-setelah-20-tahun-berkarir,biasa,detik.com
Bocoran Mobil-Motor Baru yang Meluncur di IIMS 2022,"Rabu, 30 Mar 2022 16:49 WIB",Luthfi Anshori - detikOto,https://oto.detik.com/mobil/d-6008311/bocoran-mobil-motor-baru-yang-meluncur-di-iims-2022,biasa,detik.com
