"Kunjungi Monumen Korban Tenggelam KRI Nanggala 402, Wapres Ma'ruf Panjatkan Doa",31-3-2022,Nanda Perdana Putra,https://www.liputan6.com/news/read/4925939/kunjungi-monumen-korban-tenggelam-kri-nanggala-402-wapres-maruf-panjatkan-doa?medium=Headline&campaign=Headline_click_1,biasa,liputan
"Kejar Harry Kane Lagi, MU Siapkan Rayuan Maut",31-3-2022,Thomas,https://www.liputan6.com/bola/read/4925840/kejar-harry-kane-lagi-mu-siapkan-rayuan-maut,biasa,liputan
"Bruce Willis Pensiun Akting Akibat Penyakit Afasia, Ini Pernyataan Sikap Keluarga Sang Aktor",31-3-2022,Wayan Diananto,https://www.liputan6.com/showbiz/read/4925847/bruce-willis-pensiun-akting-akibat-penyakit-afasia-ini-pernyataan-sikap-keluarga-sang-aktor,biasa,liputan
Daikin Ceiling Mounted Cassette Round Flow: AC Hemat dan Minimalis untuk Ruang Usaha Kekinian,25-3-2022,Gilar Ramdhani,https://www.liputan6.com/lifestyle/read/4918488/daikin-ceiling-mounted-cassette-round-flow-ac-hemat-dan-minimalis-untuk-ruang-usaha-kekinian,biasa,liputan
"VIDEO: Krisis Ukraina, Ekspor CPO dan Kelangkaan Migor di Indonesia",31-3-2022,Yoga Nugraha,https://www.liputan6.com/news/read/4925912/video-krisis-ukraina-ekspor-cpo-dan-kelangkaan-migor-di-indonesia,biasa,liputan
FOTO: Jumlah Pengungsi Ukraina Melewati Perkiraan Terburuk PBB,31-3-2022,Arny Christika Putri,https://www.liputan6.com/global/read/4925830/foto-jumlah-pengungsi-ukraina-melewati-perkiraan-terburuk-pbb,biasa,liputan
Wawancara Dubes Vasyl Hamianin: Jalan Panjang Harapan Ukraina Akhiri Perang dengan Rusia,25-3-2022,Tanti Yulianingsih,https://www.liputan6.com/global/read/4921414/wawancara-dubes-vasyl-hamianin-jalan-panjang-harapan-ukraina-akhiri-perang-dengan-rusia,biasa,liputan
"Penggalan Cerita Seru Nonton MotoGP Mandalika, Sinyal Lancar XL Bikin Penonton Senang",25-3-2022,Gilar Ramdhani,https://www.liputan6.com/bola/read/4921379/penggalan-cerita-seru-nonton-motogp-mandalika-sinyal-lancar-xl-bikin-penonton-senang,biasa,liputan
Infografis KPPU Bidik Kartel Minyak Goreng 8 Perusahaan Besar dan Langkah Bongkar Modus,31-3-2022,Shinta NM Sinaga,https://www.liputan6.com/news/read/4925719/infografis-kppu-bidik-kartel-minyak-goreng-8-perusahaan-besar-dan-langkah-bongkar-modus,biasa,liputan
"Bola Ganjil: Laga Ditunda karena Cuaca, Pelatih Justru Kehilangan Pekerjaan",31-3-2022,Harley Ikhsan,https://www.liputan6.com/bola/read/4924703/bola-ganjil-laga-ditunda-karena-cuaca-pelatih-justru-kehilangan-pekerjaan,biasa,liputan
Rupiah Menguat Didukung Penurunan Harga Minyak,31-3-2022,Liputan6.com,https://www.liputan6.com/bisnis/read/4925988/rupiah-menguat-didukung-penurunan-harga-minyak,biasa,liputan
"KKN Di Desa Penari Tayang 30 April 2022, Hadirkan Versi Uncut dan Non Uncut",31-3-2022,Aditia Saputra,https://www.liputan6.com/showbiz/read/4925591/kkn-di-desa-penari-tayang-30-april-2022-hadirkan-versi-uncut-dan-non-uncut,biasa,liputan
Top 3 Tekno: Kode Redeem Genshin Impact Terbaru Paling Dicari,31-3-2022,Iskandar,https://www.liputan6.com/tekno/read/4925927/top-3-tekno-kode-redeem-genshin-impact-terbaru-paling-dicari,biasa,liputan
"Dikalahkan Kosta Rika, Amerika Serikat Tetap Lolos ke Piala Dunia 2022",31-3-2022,Thomas,https://www.liputan6.com/bola/read/4925977/dikalahkan-kosta-rika-amerika-serikat-tetap-lolos-ke-piala-dunia-2022,biasa,liputan
Ide Unik Ijab Kabul di Gerbong Kereta Uap atau Diesel,31-3-2022,Asnida Riani,https://www.liputan6.com/lifestyle/read/4925964/ide-unik-ijab-kabul-di-gerbong-kereta-uap-atau-diesel,biasa,liputan
"6 Potret Yanni Mulyaningsih, Ibunda Annisa Pohan yang Jarang Tersorot",31-3-2022,Loudia Mahartika,https://hot.liputan6.com/read/4925923/6-potret-yanni-mulyaningsih-ibunda-annisa-pohan-yang-jarang-tersorot,biasa,liputan
Bursa Saham Asia Bervariasi Imbas Harga Minyak Turun,31-3-2022,Elga Nurmutia,https://www.liputan6.com/saham/read/4925967/bursa-saham-asia-bervariasi-imbas-harga-minyak-turun,biasa,liputan
"Solar Subsidi Masih Langka, Pengusaha Truk Mengeluh",31-3-2022,Tira Santia,https://www.liputan6.com/bisnis/read/4925801/solar-subsidi-masih-langka-pengusaha-truk-mengeluh,biasa,liputan
Timnas Voli Putri Akhirnya Dikirim ke SEA Games 2021,31-3-2022,Bogi Triyadi,https://www.liputan6.com/bola/read/4925907/timnas-voli-putri-akhirnya-dikirim-ke-sea-games-2021,biasa,liputan
"Aurel Hermansyah Belum 40 Hari Melahirkan Sudah Konser, Jahitan Masih Nyeri",31-3-2022,Meiristica Nurul,https://www.liputan6.com/showbiz/read/4925635/aurel-hermansyah-belum-40-hari-melahirkan-sudah-konser-jahitan-masih-nyeri,biasa,liputan
Bruce Willis Mundur dari Dunia Akting Usai Didiagnosis Aphasia,31-3-2022,Devira Prastiwi,https://www.liputan6.com/news/read/4925961/bruce-willis-mundur-dari-dunia-akting-usai-didiagnosis-aphasia,biasa,liputan
"Harga Emas Antam Naik pada 31 Maret 2022, Namun Belum Kembali ke Rp 1 Juta",31-3-2022,Tira Santia,https://www.liputan6.com/bisnis/read/4925943/harga-emas-antam-naik-pada-31-maret-2022-namun-belum-kembali-ke-rp-1-juta,biasa,liputan
"Spesifikasi HP Nokia Edge 2022, Berikut Harga dan Tanggal Rilisnya",31-3-2022,Iskandar,https://www.liputan6.com/tekno/read/4925963/spesifikasi-hp-nokia-edge-2022-berikut-harga-dan-tanggal-rilisnya,biasa,liputan
"Termasuk Bruce Willis, Simak 4 Pesohor Dunia yang Menderita Afasia",31-3-2022,Putu Elmira,https://www.liputan6.com/lifestyle/read/4925913/termasuk-bruce-willis-simak-4-pesohor-dunia-yang-menderita-afasia,biasa,liputan
"Malam Nanti, Azka Corbuzier Duel Tinju dengan Vicky Prasetyo",31-3-2022,Devira Prastiwi,https://www.liputan6.com/news/read/4925942/malam-nanti-azka-corbuzier-duel-tinju-dengan-vicky-prasetyo,biasa,liputan
"Dalam 2 Tahun, PPATK Kumpulkan Penganti Kerugian Negara Rp 17,3 Triliun",31-3-2022,Tira Santia,https://www.liputan6.com/bisnis/read/4925960/dalam-2-tahun-ppatk-kumpulkan-penganti-kerugian-negara-rp-173-triliun,biasa,liputan
"Konseling adalah Bimbingan Psikologis, Ketahui Kapan Harus Mendapatkannya",31-3-2022,Anugerah Ayu Sendari,https://hot.liputan6.com/read/4925921/konseling-adalah-bimbingan-psikologis-ketahui-kapan-harus-mendapatkannya,biasa,liputan
Ini 3 Pilar Penting Presidensi G20 Indonesia,31-3-2022,Tira Santia,https://www.liputan6.com/bisnis/read/4925936/ini-3-pilar-penting-presidensi-g20-indonesia,biasa,liputan
"Eks Gubernur Riau Annas Maamun Ajukan Praperadilan, KPK: Konsekuensi Harus Dihadapi",31-3-2022,Fachrur Rozie,https://www.liputan6.com/news/read/4925945/eks-gubernur-riau-annas-maamun-ajukan-praperadilan-kpk-konsekuensi-harus-dihadapi,biasa,liputan
4 Pernyataan PBB soal Situasi Terkini Invasi Rusia ke Ukraina,31-3-2022,Devira Prastiwi,https://www.liputan6.com/news/read/4925926/4-pernyataan-pbb-soal-situasi-terkini-invasi-rusia-ke-ukraina,biasa,liputan
Arumi Bachsin Resmikan Tempat Penitipan Anak ASN Pemprov Jatim,31-3-2022,Liputan6.com,https://surabaya.liputan6.com/read/4925752/arumi-bachsin-resmikan-tempat-penitipan-anak-asn-pemprov-jatim,biasa,liputan
Pilot Ini Beri Tips Naik Pesawat Bagi yang Takut Terbang,31-3-2022,Sulung Lahitani,https://www.liputan6.com/citizen6/read/4925573/pilot-ini-beri-tips-naik-pesawat-bagi-yang-takut-terbang,biasa,liputan
"Bikin Perjalanan Tetap Nyaman, Begini Cara Kerja AC Mobil",31-3-2022,Liputan6.com,https://www.liputan6.com/otomotif/read/4925856/bikin-perjalanan-tetap-nyaman-begini-cara-kerja-ac-mobil,biasa,liputan
5 Hasil Perundingan Negosiasi Damai Rusia dan Ukraina di Turki,31-3-2022,Devira Prastiwi,https://www.liputan6.com/news/read/4925909/5-hasil-perundingan-negosiasi-damai-rusia-dan-ukraina-di-turki,biasa,liputan
"WHO: Kasus COVID-19 Dunia Terus Turun, Kematian Meningkat 43 % Pekan Lalu",31-3-2022,Liputan6.com,https://www.liputan6.com/global/read/4925902/who-kasus-covid-19-dunia-terus-turun-kematian-meningkat-43-pekan-lalu,biasa,liputan
"Momentum Bonus Demografi, Kemnaker Ingatkan Kompetensi Usia Produktif",31-3-2022,Liputan6.com,https://www.liputan6.com/news/read/4925955/momentum-bonus-demografi-kemnaker-ingatkan-kompetensi-usia-produktif,biasa,liputan
Tampil Memesona! Seolhyun AOA Bakal Perankan Karakter Polisi dalam Drama The Killer’s Shopping List,31-3-2022,Sabrina Julie,https://jateng.liputan6.com/read/4925711/tampil-memesona-seolhyun-aoa-bakal-perankan-karakter-polisi-dalam-drama-the-killers-shopping-list,biasa,liputan
"Harga Minyak Meroket, Pertamina Rugi Jualan Solar Subsidi?",31-3-2022,Maulandy Rizki Bayu Kencana,https://www.liputan6.com/bisnis/read/4925816/harga-minyak-meroket-pertamina-rugi-jualan-solar-subsidi,biasa,liputan
"Kental Adat Jawa, Ini 7 Momen Tedak Siten Anak Tata Jeneeta dan Brotoseno",31-3-2022,Muhammad Fahrur Safi'i,https://hot.liputan6.com/read/4925866/kental-adat-jawa-ini-7-momen-tedak-siten-anak-tata-jeneeta-dan-brotoseno,biasa,liputan
Mengintip Persiapan Mudik Lebaran 2022 dari Perbatasan Jakarta hingga Pelabuhan Merak,31-3-2022,Yandhi Deslatama,https://www.liputan6.com/regional/read/4925536/mengintip-persiapan-mudik-lebaran-2022-dari-perbatasan-jakarta-hingga-pelabuhan-merak,biasa,liputan
"Menaker: May Day 2022, Momentum Gaungkan Kembali Hubungan Industrial Pancasila",31-3-2022,Liputan6.com,https://www.liputan6.com/news/read/4925937/menaker-may-day-2022-momentum-gaungkan-kembali-hubungan-industrial-pancasila,biasa,liputan
"AC Mati Mendadak, Minibus Terbakar di Tol Jorr KM 43 Cikunir",31-3-2022,Fachrur Rozie,https://www.liputan6.com/news/read/4925925/ac-mati-mendadak-minibus-terbakar-di-tol-jorr-km-43-cikunir,biasa,liputan
"Hacker Curi Kripto Rp 8,8 Triliun dari Jaringan Ronin Axie Infinity",31-3-2022,Gagas Yoga Pratomo,https://www.liputan6.com/crypto/read/4925834/hacker-curi-kripto-rp-88-triliun-dari-jaringan-ronin-axie-infinity,biasa,liputan
"IHSG Sentuh Posisi Tertinggi 7.094, Investor Asing Kejar Saham BBCA hingga BBRI",31-3-2022,Agustina Melani,https://www.liputan6.com/saham/read/4925905/ihsg-sentuh-posisi-tertinggi-7094-investor-asing-kejar-saham-bbca-hingga-bbri,biasa,liputan
Warganet Heboh Family Mart Bakal Hentikan Produksi Kopi Susu Keluarga,31-3-2022,Putu Elmira,https://www.liputan6.com/lifestyle/read/4925879/warganet-heboh-family-mart-bakal-hentikan-produksi-kopi-susu-keluarga,biasa,liputan
"Pengertian Metamorfosis adalah Perubahan Bentuk yang Dialami Hewan, Ini Penjelasannya",31-3-2022,Laudia Tysara,https://hot.liputan6.com/read/4925888/pengertian-metamorfosis-adalah-perubahan-bentuk-yang-dialami-hewan-ini-penjelasannya,biasa,liputan
"Ejek Bintang MU di Media Sosial, Remaja Ini Dibui 6 Bulan",31-3-2022,Thomas,https://www.liputan6.com/bola/read/4925851/ejek-bintang-mu-di-media-sosial-remaja-ini-dibui-6-bulan,biasa,liputan
Presiden Tunisia Disebut Firaun Usai Bubarkan Parlemen,31-3-2022,Tommy Kurnia,https://www.liputan6.com/global/read/4925901/presiden-tunisia-disebut-firaun-usai-bubarkan-parlemen,biasa,liputan
"MotoGP: Babak Belur di Mandalika, Dovizioso Ingin Tancap Gas di Argentina",31-3-2022,Luthfie Febrianto,https://www.liputan6.com/bola/read/4925922/motogp-babak-belur-di-mandalika-dovizioso-ingin-tancap-gas-di-argentina,biasa,liputan
Jadwal Adu Jotos Azka Corbuzier Vs Vicky Prasetyo Kamis 31 Maret 2022,31-3-2022,Ahmad Apriyono,https://www.liputan6.com/regional/read/4925904/jadwal-adu-jotos-azka-corbuzier-vs-vicky-prasetyo-kamis-31-maret-2022,biasa,liputan
"Jelang Ramadan, KSP Pastikan Kenaikan Harga Kebutuhan Pokok Segera Terkendali",31-3-2022,Lizsa Egeham,https://www.liputan6.com/news/read/4925898/jelang-ramadan-ksp-pastikan-kenaikan-harga-kebutuhan-pokok-segera-terkendali,biasa,liputan
"Cara Lapor SPT Pajak Online Pribadi Tahunan, Terakhir 31 Maret 2022",31-3-2022,Giovani Dio Prasasti,https://www.liputan6.com/tekno/read/4925897/cara-lapor-spt-pajak-online-pribadi-tahunan-terakhir-31-maret-2022,biasa,liputan
Member The Wanted Tom Parker Meninggal Dunia karena Kanker Otak di Usia 33 Tahun,31-3-2022,Ratnaning Asih,https://www.liputan6.com/showbiz/read/4925877/member-the-wanted-tom-parker-meninggal-dunia-karena-kanker-otak-di-usia-33-tahun,biasa,liputan
"6 Potret Kebersamaan Leon Dozan dan Nabilah Rahman, Kakak Adik Kompak Sedari Kecil",31-3-2022,Selma Intania Hafidha,https://hot.liputan6.com/read/4925886/6-potret-kebersamaan-leon-dozan-dan-nabilah-rahman-kakak-adik-kompak-sedari-kecil,biasa,liputan
Energi Mega Persada Pasok Gas untuk Pabrik Pupuk Iskandar Muda,31-3-2022,Pipit Ika Ramadhani,https://www.liputan6.com/saham/read/4925882/energi-mega-persada-pasok-gas-untuk-pabrik-pupuk-iskandar-muda,biasa,liputan
Pasar Turi Baru dan Tekad Eri Cahyadi Kembalikan Kejayaan 15 Tahun Lalu,31-3-2022,Liputan6.com,https://surabaya.liputan6.com/read/4925863/pasar-turi-baru-dan-tekad-eri-cahyadi-kembalikan-kejayaan-15-tahun-lalu,biasa,liputan
"Cara Cepat Mengecek Status Kepemilikan Kendaraan, Bisa Lewat Ponsel",31-3-2022,Amal Abdurachman,https://www.liputan6.com/otomotif/read/4925828/cara-cepat-mengecek-status-kepemilikan-kendaraan-bisa-lewat-ponsel,biasa,liputan
4 Efek Buruk Bagi Tubuh Jika Minum Kopi Sebelum Sarapan,31-3-2022,Yulia Lisnawati,https://www.liputan6.com/citizen6/read/4925581/4-efek-buruk-bagi-tubuh-jika-minum-kopi-sebelum-sarapan,biasa,liputan
"Kisah Viral Inspiratif untuk Warga Jateng : Mantan Satpam IPB Raih Gelar Doktor, Kok Bisa ?",31-3-2022,Inung Budiarto,https://jateng.liputan6.com/read/4925884/kisah-viral-inspiratif-untuk-warga-jateng-mantan-satpam-ipb-raih-gelar-doktor-kok-bisa,biasa,liputan
"Absen Lagi di MotoGP Argentina, Marquez Disarankan Segera Pensiun",31-3-2022,Defri Saefullah,https://www.liputan6.com/bola/read/4925648/absen-lagi-di-motogp-argentina-marquez-disarankan-segera-pensiun,biasa,liputan
Penggemar Tempe Wajib Tahu Manfaatnya: Mulai dari Sumber Protein Nabati hingga Hambat Penuaan,31-3-2022,Ade Nasihudin Al Ansori,https://www.liputan6.com/health/read/4925191/penggemar-tempe-wajib-tahu-manfaatnya-mulai-dari-sumber-protein-nabati-hingga-hambat-penuaan,biasa,liputan
"Cara Ajukan e-Fin buat Isi SPT Tahunan Online Bila Lupa, Lewat WhatsApp hingga Email",31-3-2022,Liputan6.com,https://www.liputan6.com/bisnis/read/4925345/cara-ajukan-e-fin-buat-isi-spt-tahunan-online-bila-lupa-lewat-whatsapp-hingga-email,biasa,liputan
Heboh Bruce Willis Pensiun Akting Akibat Penyakit Otak Afasia,31-3-2022,Wayan Diananto,https://www.liputan6.com/showbiz/read/4925827/heboh-bruce-willis-pensiun-akting-akibat-penyakit-otak-afasia,biasa,liputan
"Jerman Umumkan Status Siaga Pertama Gas, Demi Kurangi Ketergantungan Pasokan Rusia",31-3-2022,DW.com,https://www.liputan6.com/global/read/4925763/jerman-umumkan-status-siaga-pertama-gas-demi-kurangi-ketergantungan-pasokan-rusia,biasa,liputan
Jemaah Tarekat Naqsabandiyah Sumbar Mulai Puasa Jumat 1 April 2022,31-3-2022,Novia Harlina,https://www.liputan6.com/regional/read/4925860/jemaah-tarekat-naqsabandiyah-sumbar-mulai-puasa-jumat-1-april-2022,biasa,liputan
Meminimalisir Risiko Sangat Penting Saat Jalani Kegiatan di Bulan Ramadhan,31-3-2022,Adyaksa Vidi,https://www.liputan6.com/cek-fakta/read/4925440/meminimalisir-risiko-sangat-penting-saat-jalani-kegiatan-di-bulan-ramadhan,biasa,liputan
Ini Kata Chris Rock di Belakang Panggung Setelah Kena Tampar Will Smith di Oscar,30-3-2022,Sulung Lahitani,https://www.liputan6.com/citizen6/read/4925122/ini-kata-chris-rock-di-belakang-panggung-setelah-kena-tampar-will-smith-di-oscar,popular,liputan
"6 Potret Wisuda Nabilah Rahman Adik Leon Dozan, Dihadiri Willy Dozan dan Betharia Sonata",30-3-2022,Arini Nuranisa,https://hot.liputan6.com/read/4924999/6-potret-wisuda-nabilah-rahman-adik-leon-dozan-dihadiri-willy-dozan-dan-betharia-sonata,popular,liputan
Warga Biak Numfor Diimbau Tak Terpengaruh Hoaks Vaksin COVID-19,30-3-2022,Hanz Jimenez Salim,https://www.liputan6.com/cek-fakta/read/4924936/warga-biak-numfor-diimbau-tak-terpengaruh-hoaks-vaksin-covid-19,popular,liputan
"Beda 16 Tahun, Ini 6 Potret Kalina Ocktaranny dan Ricky Miraza Resmi Pacaran",30-3-2022,Loudia Mahartika,https://hot.liputan6.com/read/4925360/beda-16-tahun-ini-6-potret-kalina-ocktaranny-dan-ricky-miraza-resmi-pacaran,popular,liputan
"Samsung Hapus Z pada Galaxy Z Fold3 di Pasar Eropa, Imbas Perang Rusia-Ukraina?",30-3-2022,Agustin Setyo Wardani,https://www.liputan6.com/tekno/read/4925230/samsung-hapus-z-pada-galaxy-z-fold3-di-pasar-eropa-imbas-perang-rusia-ukraina,popular,liputan
Sopir Kecelakaan Maut Pickup di Bondowoso Jadi Tersangka,30-3-2022,Hermawan Arifianto,https://surabaya.liputan6.com/read/4924922/sopir-kecelakaan-maut-pickup-di-bondowoso-jadi-tersangka,popular,liputan
"Kode Redeem Genshin Impact Terbaru 30 Maret 2022, Segera Klaim",30-3-2022,Giovani Dio Prasasti,https://www.liputan6.com/tekno/read/4925303/kode-redeem-genshin-impact-terbaru-30-maret-2022-segera-klaim,popular,liputan
"Stok Darah di PMI Jember Menipis, Relawan Diminta Segera Donor",30-3-2022,Liputan6.com,https://surabaya.liputan6.com/read/4924713/stok-darah-di-pmi-jember-menipis-relawan-diminta-segera-donor,popular,liputan
"BPK Audit 2.600 Kendaraan Dinas Pemkab Tulungagung, Banyak yang Rusak",30-3-2022,Liputan6.com,https://surabaya.liputan6.com/read/4924730/bpk-audit-2600-kendaraan-dinas-pemkab-tulungagung-banyak-yang-rusak,popular,liputan
Pemkab Kediri Kembangkan Aplikasi Pantau Ibu Hamil untuk Mencegah Stunting,30-3-2022,Liputan6.com,https://surabaya.liputan6.com/read/4924729/pemkab-kediri-kembangkan-aplikasi-pantau-ibu-hamil-untuk-mencegah-stunting,popular,liputan
"Stok Bahan Pokok di Kota Madiun Aman Jelang Ramadan, Tidak Perlu Panic Buying",30-3-2022,Liputan6.com,https://surabaya.liputan6.com/read/4924725/stok-bahan-pokok-di-kota-madiun-aman-jelang-ramadan-tidak-perlu-panic-buying,popular,liputan
"Dugaan Penipuan, Bos Koperasi di Banyuwangi Segera Disidang",30-3-2022,Hermawan Arifianto,https://surabaya.liputan6.com/read/4924994/dugaan-penipuan-bos-koperasi-di-banyuwangi-segera-disidang,popular,liputan
Inilah Jenis Pekerjaan yang Disebut Erick Thohir akan Hilang dan Dicari Orang,30-3-2022,Tira Santia,https://www.liputan6.com/bisnis/read/4925515/inilah-jenis-pekerjaan-yang-disebut-erick-thohir-akan-hilang-dan-dicari-orang,popular,liputan
Rizky Billar Merespons Meme Begini Tanggapan Lesti dengan Bertanya Langsung ke Istrinya,30-3-2022,Ruly Riantrisnanto,https://www.liputan6.com/showbiz/read/4925296/rizky-billar-merespons-meme-begini-tanggapan-lesti-dengan-bertanya-langsung-ke-istrinya,popular,liputan
Erick Thohir Buka 2.700 Lowongan Kerja di BUMN pada April 2022,30-3-2022,Liputan6.com,https://www.liputan6.com/bisnis/read/4925194/erick-thohir-buka-2700-lowongan-kerja-di-bumn-pada-april-2022,popular,liputan
"Jembatan Ngaglik 1 Lamongan Ambles, Begini Jalur Alternatifnya",30-3-2022,Liputan6.com,https://surabaya.liputan6.com/read/4924816/jembatan-ngaglik-1-lamongan-ambles-begini-jalur-alternatifnya,popular,liputan
Rusia Mulai Gunakan Bandara Brest di Belarus untuk Serang Ukraina,31-3-2022,Fitri Wulandari,https://www.tribunnews.com/internasional/2022/03/31/rusia-mulai-gunakan-bandara-brest-di-belarus-untuk-serang-ukraina,biasa,tribun.com
"Keluarga Kandung Curiga Anak Angkat Dorce Gamalama Selewengkan Sumbangan, Malah Tak Dipakai Berobat",31-3-2022,Febia Rosada Fitrianum,https://www.tribunnews.com/seleb/2022/03/31/keluarga-kandung-curiga-anak-angkat-dorce-gamalama-selewengkan-sumbangan-malah-tak-dipakai-berobat,biasa,tribun.com
"Hari Ini Terakhir, Berikut Sanksi Jika Tidak Lapor SPT Tahunan",31-3-2022,Yurika Nendri Novianingsih,https://www.tribunnews.com/bisnis/2022/03/31/hari-ini-terakhir-berikut-sanksi-jika-tidak-lapor-spt-tahunan,biasa,tribun.com
"Timnas Italia Ternyata Masih Punya Celah Tembus Piala Dunia 2022, Begini Skenario Tunggalnya",31-3-2022,Dwi Setiawan,https://www.tribunnews.com/superskor/2022/03/31/timnas-italia-ternyata-masih-punya-celah-tembus-piala-dunia-2022-begini-skenario-tunggalnya,biasa,tribun.com
Ketika Jenderal Andika Perkasa Kritisi Soal Syarat Penerimaan Prajurit TNI: Jangan Mengada-ada,31-3-2022,Rizki Sandi Saputra,https://www.tribunnews.com/nasional/2022/03/31/ketika-jenderal-andika-perkasa-kritisi-soal-syarat-penerimaan-prajurit-tni-jangan-mengada-ada,biasa,tribun.com
"Amerika Serikat dan Meksiko Lolos ke Piala Dunia Qatar 2022, 29 Tim Siap Tampil di Qatar",31-3-2022,Muhammad Barir,https://www.tribunnews.com/superskor/2022/03/31/amerika-serikat-dan-meksiko-lolos-ke-piala-dunia-qatar-2022-29-tim-siap-tampil-di-qatar,biasa,tribun.com
"Kasus Covid-19 Turun, Jumlah Nakes di RSDC Wisma Atlet Bakal Dikurangi Bertahap",31-3-2022,Rina Ayu Panca Rini,https://www.tribunnews.com/corona/2022/03/31/kasus-covid-19-turun-jumlah-nakes-di-rsdc-wisma-atlet-bakal-dikurangi-bertahap,biasa,tribun.com
"RI-Rumani Perkuat Kerjasama Perdagangan, Investasi dan Pariwisata",31-3-2022,Larasati Dyah Utami,https://www.tribunnews.com/internasional/2022/03/31/ri-rumani-perkuat-kerjasama-perdagangan-investasi-dan-pariwisata,biasa,tribun.com
"Doa Kamilin yang Dibaca setelah Salat Tarawih, dalam Tulisan Arab, Latin, dan Artinya",31-3-2022,Yurika Nendri Novianingsih,https://www.tribunnews.com/ramadan/2022/03/31/doa-kamilin-yang-dibaca-setelah-salat-tarawih-dalam-tulisan-arab-latin-dan-artinya,biasa,tribun.com
"Desak Wasiat Dorce Gamalama Segera Dibacakan, Keluarga Kandung Janji Tak Rebut Hak Anak Angkat",31-3-2022,Febia Rosada Fitrianum,https://www.tribunnews.com/seleb/2022/03/31/desak-wasiat-dorce-gamalama-segera-dibacakan-keluarga-kandung-janji-tak-rebut-hak-anak-angkat,biasa,tribun.com
Gebrakan Jenderal Andika Perkasa: Keturunan PKI Boleh Daftar TNI Hingga Hapus Tes Renang,31-3-2022,Rizki Sandi Saputra,https://www.tribunnews.com/nasional/2022/03/31/gebrakan-jenderal-andika-perkasa-keturunan-pki-boleh-daftar-tni-hingga-hapus-tes-renang,biasa,tribun.com
"Dijadikan Tersangka Lagi oleh KPK, Eks Gubernur Riau Annas Maamun Ajukan Praperadilan",31-3-2022,Ilham Rian Pratama,https://www.tribunnews.com/nasional/2022/03/31/dijadikan-tersangka-lagi-oleh-kpk-eks-gubernur-riau-annas-maamun-ajukan-praperadilan,biasa,tribun.com
Zelensky Tak Percaya Janji Rusia Tarik Pasukan dari Ibu Kota Ukraina: Kami Tak akan Serahkan Apapun,31-3-2022,Nuryanti,https://www.tribunnews.com/internasional/2022/03/31/zelensky-tak-percaya-janji-rusia-tarik-pasukan-dari-ibu-kota-ukraina-kami-tak-akan-serahkan-apapun,biasa,tribun.com
"Update Negara yang Lolos ke Piala Dunia 2022: Sudah Ada 29 Peserta, Sisakan 3 Slot Kosong",31-3-2022,Guruh Putra Tama,https://www.tribunnews.com/superskor/2022/03/31/update-negara-yang-lolos-ke-piala-dunia-2022-sudah-ada-29-peserta-sisakan-3-slot-kosong,biasa,tribun.com
"Staycation sambil Peduli Bumi, 7 Hotel Ramah Lingkungan Ini Wajib Kamu Coba",31-3-2022,BizzInsight,https://www.tribunnews.com/travel/2022/03/31/staycation-sambil-peduli-bumi-7-hotel-ramah-lingkungan-ini-wajib-kamu-coba,biasa,tribun.com
"Wanita Ditipu TNI Gadungan yang Mengaku Bisa Sembuhkan Ayah Korban, Uang Rp 60 Juta Amblas",31-3-2022,Eko Sutriyanto,https://www.tribunnews.com/regional/2022/03/31/wanita-ditipu-tni-gadungan-yang-mengaku-bisa-sembuhkan-ayah-korban-uang-rp-60-juta-amblas,biasa,tribun.com
Petrokimia Gresik Terima Penghargaan Gold dan Silver dari Serikat Perusahaan Pers,31-3-2022,Hendra Gunawan,https://www.tribunnews.com/bisnis/2022/03/31/petrokimia-gresik-terima-penghargaan-gold-dan-silver-dari-serikat-perusahaan-pers,biasa,tribun.com
"Terakhir Nongkrong di Kafe Lalu Hilang 3 Hari, Kini Rizki Ditemukan Tewas di Sungai Cipakancilan",31-3-2022,Theresia Felisiani,https://www.tribunnews.com/metropolitan/2022/03/31/terakhir-nongkrong-di-kafe-lalu-hilang-3-hari-kini-rizki-ditemukan-tewas-di-sungai-cipakancilan,biasa,tribun.com
"Gaji Tentara Bayaran Suriah di Ukraina, Rusia Tawarkan hingga Rp100 Juta, Tergantung Posisi",31-3-2022,Pravitri Retno Widyastuti,https://www.tribunnews.com/internasional/2022/03/31/gaji-tentara-bayaran-suriah-di-ukraina-rusia-tawarkan-hingga-rp100-juta-tergantung-posisi,biasa,tribun.com
"CEK PENERIMA BLT UMKM Rp600 Ribu Maret 2022, Klik eform.bri.co.id/bpum & banpresbpum.id, Siapkan KTP",31-3-2022,garudea prabawati,https://www.tribunnews.com/bisnis/2022/03/31/cek-penerima-blt-umkm-rp600-ribu-maret-2022-klik-eformbricoidbpum-banpresbpumid-siapkan-ktp,biasa,tribun.com
"Real Madrid Mengincar Penyerang Muenchen, Ini Pemain yang Diincar Los Blancos, Ada Peran David Alaba",31-3-2022,Muhammad Barir,https://www.tribunnews.com/superskor/2022/03/31/real-madrid-mengincar-penyerang-muenchen-ini-pemain-yang-diincar-los-blancos-ada-peran-david-alaba,biasa,tribun.com
Kemenperin Pantau Ketat Industri Minyak Goreng untuk Penuhi Kebutuhan Masyarakat dan UMKM,31-3-2022,Lita Febriani,https://www.tribunnews.com/bisnis/2022/03/31/kemenperin-pantau-ketat-industri-minyak-goreng-untuk-penuhi-kebutuhan-masyarakat-dan-umkm,biasa,tribun.com
Indonesia Jadi Pasar Strategis Pengembangan Platform Payment Gateway,31-3-2022,Eko Sutriyanto,https://www.tribunnews.com/techno/2022/03/31/indonesia-jadi-pasar-strategis-pengembangan-platform-payment-gateway,biasa,tribun.com
"Timnas Italia Ternyata Masih Punya Celah Tembus Piala Dunia 2022, Begini Skenario Tunggalnya",31-3-2022,Dwi Setiawan,https://www.tribunnews.com/superskor/2022/03/31/timnas-italia-ternyata-masih-punya-celah-tembus-piala-dunia-2022-begini-skenario-tunggalnya,biasa,tribun.com
"Bacaan Niat Puasa Ramadan dengan Tulisan Arab, Latin serta Terjemahannya",31-3-2022,Yurika Nendri Novianingsih,https://www.tribunnews.com/ramadan/2022/03/31/bacaan-niat-puasa-ramadan-dengan-tulisan-arab-latin-serta-terjemahannya,biasa,tribun.com
Pasangan Muda Mudi Dihukum Cambuk 22 Kali di Taman Sari Kota Banda Aceh,31-3-2022,Misran Asri,https://www.tribunnews.com/regional/2022/03/31/pasangan-muda-mudi-dihukum-cambuk22-kali-di-taman-sari-kota-banda-aceh,biasa,tribun.com
Pasangan Muda Mudi Dihukum Cambuk 22 Kali di Taman Sari Kota Banda Aceh,31-3-2022,Misran Asri,https://www.tribunnews.com/regional/2022/03/31/pasangan-muda-mudi-dihukum-cambuk22-kali-di-taman-sari-kota-banda-aceh,biasa,tribun.com
Rusia Mulai Gunakan Bandara Brest di Belarus untuk Serang Ukraina,31-3-2022,Fitri Wulandari,https://www.tribunnews.com/internasional/2022/03/31/rusia-mulai-gunakan-bandara-brest-di-belarus-untuk-serang-ukraina,biasa,tribun.com
"Naik Rp4.000, Harga Emas Antam di Level Rp987.000 per Gram, Berikut Daftar Harga Lengkapnya",31-3-2022,Bambang Ismoyo,https://www.tribunnews.com/bisnis/2022/03/31/naik-rp4000-harga-emas-antam-di-level-rp987000-per-gram-berikut-daftar-harga-lengkapnya,biasa,tribun.com
"Lionel Messi Dapat Sponsor Baru Senilai Rp 287 Miliar, Ikuti Jejal LeBron James Promosi Kripto",31-3-2022,Muhammad Barir,https://www.tribunnews.com/superskor/2022/03/31/lionel-messi-dapat-sponsor-baru-senilai-rp-287-miliar-ikuti-jejal-lebron-james-promosi-kripto,biasa,tribun.com
"Keluarga Kandung Curiga Anak Angkat Dorce Gamalama Selewengkan Sumbangan, Malah Tak Dipakai Berobat",31-3-2022,Febia Rosada Fitrianum,https://www.tribunnews.com/seleb/2022/03/31/keluarga-kandung-curiga-anak-angkat-dorce-gamalama-selewengkan-sumbangan-malah-tak-dipakai-berobat,biasa,tribun.com
"Jelang Mudik Lebaran 2022, Kemenhub Pastikan Kesiapan dan Kelaiklautan Armada Angkutan Laut",31-3-2022,Content Writer,https://www.tribunnews.com/kilas-kementerian/2022/03/31/jelang-mudik-lebaran-2022-kemenhub-pastikan-kesiapan-dan-kelaiklautan-armada-angkutan-laut,biasa,tribun.com
"Kasus Covid-19 Turun, Jumlah Nakes di RSDC Wisma Atlet Bakal Dikurangi Bertahap",31-3-2022,Rina Ayu Panca Rini,https://www.tribunnews.com/corona/2022/03/31/kasus-covid-19-turun-jumlah-nakes-di-rsdc-wisma-atlet-bakal-dikurangi-bertahap,biasa,tribun.com
Kapan Salat Tarawih Hari Pertama? Simak Tuntunan dan Doa Salat Tarawih serta Witir,31-3-2022,Yunita Rahmayanti,https://www.tribunnews.com/ramadan/2022/03/31/kapan-salat-tarawih-hari-pertama-simak-tuntunan-dan-doa-salat-tarawih-serta-witir,biasa,tribun.com
"Hari Ini Terakhir, Berikut Sanksi Jika Tidak Lapor SPT Tahunan",31-3-2022,Yurika Nendri Novianingsih,https://www.tribunnews.com/bisnis/2022/03/31/hari-ini-terakhir-berikut-sanksi-jika-tidak-lapor-spt-tahunan,biasa,tribun.com
"Yakin Perceraian Doddy Sudrajat dan Puput Setingan, Kim Hawt Ungkap Hubungan Mereka Sebenarnya",31-3-2022,Willem Jonata,https://www.tribunnews.com/seleb/2022/03/31/yakin-perceraian-doddy-sudrajat-dan-puput-setingan-kim-hawt-ungkap-hubungan-mereka-sebenarnya,biasa,tribun.com
Benarkah Harga Pertamax Naik Jadi Rp 16 Ribu per 1 April 2022? Ini Penjelasan Pertamina,31-3-2022,Daryono,https://www.tribunnews.com/bisnis/2022/03/31/benarkah-harga-pertamax-naik-jadi-rp-16-ribu-per-1-april-2022-ini-penjelasan-pertamina,biasa,tribun.com
"Sepekan Tangani Polemik Minyak Goreng Curah, Kinerja Kemenperin Dianggap Lebih Buruk dari Kemendag",31-3-2022,Galuh Widya Wardani,https://www.tribunnews.com/nasional/2022/03/31/sepekan-tangani-polemik-minyak-goreng-curah-kinerja-kemenperin-dianggap-lebih-buruk-dari-kemendag,biasa,tribun.com
"Sia-sia, 4 Maling Curi dan Gotong Kotak Amal di Masjid Kawasan Pancoran, Ternyata Isinya Kosong",31-3-2022,Theresia Felisiani,https://www.tribunnews.com/metropolitan/2022/03/31/sia-sia-4-maling-curi-dan-gotong-kotak-amal-di-masjid-kawasan-pancoran-ternyata-isinya-kosong,biasa,tribun.com
"Pre-Sale Event Garuda Online Travel Fair Tahun 2022, Ada Promo Cashback Rp2,5 juta",31-3-2022,Content Writer,https://www.tribunnews.com/nasional/2022/03/31/pre-sale-event-garuda-online-travel-fair-tahun-2022-ada-promo-cashback-rp25-juta,biasa,tribun.com
Putin Sarankan Pasukan Ukraina Menyerah Jika Ingin Penembakan di Mariupol Dihentikan,31-3-2022,Pravitri Retno Widyastuti,https://www.tribunnews.com/internasional/2022/03/31/putin-sarankan-pasukan-ukraina-menyerah-jika-ingin-penembakan-di-mariupol-dihentikan,biasa,tribun.com
"Riset YLKI Sebut Distribusi AMDK Picu Potensi Bahaya BPA, Apa yang Mesti Dibenahi?",31-3-2022,Anniza Kemala,https://www.tribunnews.com/kesehatan/2022/03/31/riset-ylki-sebut-distribusi-amdk-picu-potensi-bahaya-bpa-apa-yang-mesti-dibenahi,biasa,tribun.com
"IHSG Dibuka Menguat ke 7.079, Investor Asing Catat Net Buy Rp 156 Miliar",31-3-2022,Hendra Gunawan,https://www.tribunnews.com/bisnis/2022/03/31/ihsg-dibuka-menguat-ke-7079-investor-asing-catat-net-buy-rp-156-miliar,biasa,tribun.com
Mufti Anam Sebut Penanganan Minyak Goreng oleh Kemenperin Lebih Buruk Dibanding Kemendag,31-3-2022,Milani Resti Dilanggi,https://www.tribunnews.com/nasional/2022/03/31/mufti-anam-sebut-penanganan-minyak-goreng-oleh-kemenperin-lebih-buruk-dibanding-kemendag,biasa,tribun.com
Ketika Jenderal Andika Perkasa Kritisi Soal Syarat Penerimaan Prajurit TNI: Jangan Mengada-ada,31-3-2022,Rizki Sandi Saputra,https://www.tribunnews.com/nasional/2022/03/31/ketika-jenderal-andika-perkasa-kritisi-soal-syarat-penerimaan-prajurit-tni-jangan-mengada-ada,biasa,tribun.com
Kemenhub Tingkatkan Inovasi dan Optimalisasi Layanan Bidang Keselamatan Berlayar di Tanjung Priok,31-3-2022,Content Writer,https://www.tribunnews.com/kilas-kementerian/2022/03/31/kemenhub-tingkatkan-inovasi-dan-optimalisasi-layanan-bidang-keselamatan-berlayar-di-tanjung-priok,biasa,tribun.com
Inggris Sebut Pasukan Rusia Tolak Laksanakan Perintah dan Sabotase Peralatan Sendiri,31-3-2022,Yurika Nendri Novianingsih,https://www.tribunnews.com/internasional/2022/03/31/inggris-sebut-pasukan-rusia-tolak-laksanakan-perintah-dan-sabotase-peralatan-sendiri,biasa,tribun.com
"Dalam 4 Bulan Danjen Kopassus 3 Kali Diganti, Ini Analisis Pengamat Militer",30-3-2022,Gita Irawan,https://www.tribunnews.com/nasional/2022/03/30/dalam-4-bulan-danjen-kopassus-3-kali-diganti-ini-analisis-pengamat-militer,biasa,tribun.com
"BERITA FOTO:  Antrean Mengular, Warga 'Serbu' Lokasi Vaksinasi Covid-19 Agar Bisa Mudik Lebaran",30-3-2022,Hasanudin Aco,https://www.tribunnews.com/metropolitan/2022/03/30/berita-foto-antrean-mengular-warga-serbu-lokasi-vaksinasi-covid-19-agar-bisa-mudik-lebaran,biasa,tribun.com
"27 Negara Rebut Tiket Piala Dunia Qatar 2022, Hari Ini 7 Negara Memastikan Diri Termasuk Portugal",30-3-2022,Muhammad Barir,https://www.tribunnews.com/superskor/2022/03/30/27-negara-rebut-tiket-piala-dunia-qatar-2022-hari-ini-7-negara-memastikan-diri-termasuk-portugal,biasa,tribun.com
"KPK Ultimatum Andi Arief, Diminta Kooperatif Penuhi Panggilan Berikutnya",30-3-2022,Theresia Felisiani,https://www.tribunnews.com/nasional/2022/03/30/kpk-ultimatum-andi-arief-diminta-kooperatif-penuhi-panggilan-berikutnya,biasa,tribun.com
Benda Mencurigakan dengan Timer dan Kabel Ditemukan di Dekat Balai Kota Solo,30-3-2022,Nanda Lusiana Saputri,https://www.tribunnews.com/regional/2022/03/30/benda-mencurigakan-dengan-timer-dan-kabel-ditemukan-di-dekat-balai-kota-solo,biasa,tribun.com
"Soal Pemberhentian Terawan, Ahli Hukum Pidana: Jangan Sangkut Pautkan Ke Politik",30-3-2022,Milani Resti Dilanggi,https://www.tribunnews.com/nasional/2022/03/30/soal-pemberhentian-terawan-ahli-hukum-pidana-jangan-sangkut-pautkan-ke-politik,biasa,tribun.com
"Jokowi Klaim 79 Juta Orang akan Mudik Tahun Ini, Minta Syarat Mudik Tak Dibandingkan dengan MotoGP",31-3-2022,Faryyanida Putwiliani,https://www.tribunnews.com/nasional/2022/03/31/jokowi-klaim-79-juta-orang-akan-mudik-tahun-ini-minta-syarat-mudik-tak-dibandingkan-dengan-motogp,popular,tribun.com
"Isu Pertamax Naik Rp 16 Ribu per Liter, Simak Daftar Harga Pertalite dan Pertamax se-Indonesia",31-3-2022,Sri Juliati,https://www.tribunnews.com/bisnis/2022/03/31/isu-pertamax-naik-rp-16-ribu-per-liter-simak-daftar-harga-pertalite-dan-pertamax-se-indonesia,popular,tribun.com
POPULER NASIONAL Polemik Terawan Dipecat IDI | Saifuddin Ibrahim Tersangka Dugaan Penistaan Agama,31-3-2022,Pravitri Retno Widyastuti,https://www.tribunnews.com/nasional/2022/03/31/populer-nasional-polemik-terawan-dipecat-idi-saifuddin-ibrahim-tersangka-dugaan-penistaan-agama,popular,tribun.com
"Sosok Surta Wijaya, Ketum DPP APDESI yang Klaim akan Deklarasi Jokowi 3 Periode usai Lebaran",31-3-2022,Faryyanida Putwiliani,https://www.tribunnews.com/nasional/2022/03/31/sosok-surta-wijaya-ketum-dpp-apdesi-yang-klaim-akan-deklarasi-jokowi-3-periode-usai-lebaran,popular,tribun.com
"Pernikahan Hyun Bin dan Son Ye Jin Hari Ini Telan Biaya Rp 2 Miliar, Sungai Han jadi Pemandangan",31-3-2022,Salma Fenty Irlanda,https://www.tribunnews.com/seleb/2022/03/31/pernikahan-hyun-bin-dan-son-ye-jin-hari-ini-telan-biaya-rp-2-miliar-sungai-han-jadi-pemandangan,popular,tribun.com
"PDIP: Itu Maunya Apdesi Jokowi 3 Periode, Tapi Ingat Masa Jabatan Presiden Berdasarkan Konstitusi",31-3-2022,Fransiskus Adhiyuda Prasetia,https://www.tribunnews.com/nasional/2022/03/31/pdip-itu-maunya-apdesi-jokowi-3-periode-tapi-ingat-masa-jabatan-presiden-berdasarkan-konstitusi,popular,tribun.com
"Mahasiswa Usia 19 Tahun Bunuh Wanita 42 Tahun, Kesal Korban Tak Mau Diajak Bercinta 2 Kali",31-3-2022,Nanda Lusiana Saputri,https://www.tribunnews.com/regional/2022/03/31/mahasiswa-usia-19-tahun-bunuh-wanita-42-tahun-kesal-korban-tak-mau-diajak-bercinta-2-kali,popular,tribun.com
"Lapor SPT Tahunan Online di djponline.pajak.go.id, Siapkan 3 Syarat Berikut Ini",31-3-2022,Yunita Rahmayanti,https://www.tribunnews.com/bisnis/2022/03/31/lapor-spt-tahunan-online-di-djponlinepajakgoid-siapkan-3-syarat-berikut-ini,popular,tribun.com
"Jadwal Barito Putera vs Persib Bandung: Aziz Siap Bayar Kepercayaan Robert, Live Indosiar Sore Ini",31-3-2022,Rochmat Purnomo,https://www.tribunnews.com/superskor/2022/03/31/jadwal-barito-putera-vs-persib-bandung-aziz-siap-bayar-kepercayaan-robert-live-indosiar-sore-ini,popular,tribun.com
"Penjelasan Luna Maya Soal Foto Bareng Ariel NOAH Dalam Rangkulan Aming, Benar CLBK?",31-3-2022,Mohammad Alivio Mubarak Junior,https://www.tribunnews.com/seleb/2022/03/31/penjelasan-luna-maya-soal-foto-bareng-ariel-noah-dalam-rangkulan-aming-benar-clbk,popular,tribun.com
"Sakit Afasia, Bruce Willis Pensiun Akting",31-3-2022,Tim detikcom - detikHot,https://hot.detik.com/celeb/d-6009189/sakit-afasia-bruce-willis-pensiun-akting,popular,detik
Mencuat 2 Kubu Apdesi di Balik Ramai Dukungan Jokowi 3 Periode,31-3-2022,Kanavino Ahmad Rizqo - detikNews,https://news.detik.com/berita/d-6009232/mencuat-2-kubu-apdesi-di-balik-ramai-dukungan-jokowi-3-periode,popular,detik
Mereka yang 'Hadir' di 5 Piala Dunia Berbeda Sebelum Messi-Ronaldo,31-3-2022,Pool - Sepakbola,https://sport.detik.com/sepakbola/foto-sepakbola/d-6009140/mereka-yang-hadir-di-5-piala-dunia-berbeda-sebelum-messi-ronaldo,popular,detik
Eks Stafsus Minta Polisi Usut Video Pembacaan Rekomendasi Pemecatan Terawan,31-3-2022,Kadek Melda Luxiana - detikNews,https://news.detik.com/berita/d-6009150/eks-stafsus-minta-polisi-usut-video-pembacaan-rekomendasi-pemecatan-terawan,popular,detik
Kata Luna Maya soal Pertemuan dengan Ariel di Ultah BCL,31-3-2022,Muhammad Ahsan - detikHot,https://hot.detik.com/celeb/d-6009162/kata-luna-maya-soal-pertemuan-dengan-ariel-di-ultah-bcl,popular,detik
Besok Harga Pertamax Jadi Naik? Ini Jawaban Pertamina,31-3-2022,Aldiansyah Nurrahman - detikFinance,https://finance.detik.com/energi/d-6009284/besok-harga-pertamax-jadi-naik-ini-jawaban-pertamina,popular,detik
Artis Hong Kong Ini Menangis saat Pembantunya Pulang ke Indonesia,31-3-2022,Hafidjah Nuraulia - detikHot,https://hot.detik.com/celeb/d-6008359/artis-hong-kong-ini-menangis-saat-pembantunya-pulang-ke-indonesia,popular,detik
"Keanu Masih Malu-Malu Bercanda, Hati Angelina Sondakh Terluka",31-3-2022,Hanif Hawari - detikHot,https://hot.detik.com/celeb/d-6008855/keanu-masih-malu-malu-bercanda-hati-angelina-sondakh-terluka,popular,detik
"Penembakan KRL di Kebayoran Bikin Kaca Berlubang, Ini Penampakannya",31-3-2022,Yogi Ernes - detikNews,https://news.detik.com/berita/d-6009275/penembakan-krl-di-kebayoran-bikin-kaca-berlubang-ini-penampakannya,popular,detik
Gempar ABG Diduga Open BO Disekap dan Dianiaya hingga Terluka Bakar,31-3-2022,Tim detikcom - detikNews,https://news.detik.com/berita/d-6009153/gempar-abg-diduga-open-bo-disekap-dan-dianiaya-hingga-terluka-bakar,popular,detik
Restoran Legendaris Tutup hingga Getok Harga Mie Pangsit Rp 115 Ribu,31-3-2022,Devi Setya - detikFood,https://food.detik.com/berita-boga/d-6009109/restoran-legendaris-tutup-hingga-getok-harga-mie-pangsit-rp-115-ribu,popular,detik
"8 Pesona So Un Hyang, Artis Tercantik Korea Utara Jarang Terekspos Dunia",31-3-2022,Pool - wolipop,https://wolipop.detik.com/foto-entertainment/d-6008581/8-pesona-so-un-hyang-artis-tercantik-korea-utara-jarang-terekspos-dunia,popular,detik
"Viral Transformasi Makeup Pengantin, Hasilnya Bikin Kaget Seperti Beda Orang",31-3-2022,Vina Oktiani - wolipop,https://wolipop.detik.com/wedding-news/d-6008561/viral-transformasi-makeup-pengantin-hasilnya-bikin-kaget-seperti-beda-orang,popular,detik
"Mobil Harusnya Pakai Pertamax tapi Ganti Pertalite, Apa Dampaknya?",31-3-2022,Tim detikcom - detikOto,https://oto.detik.com/mobil/d-6009121/mobil-harusnya-pakai-pertamax-tapi-ganti-pertalite-apa-dampaknya,popular,detik
Terpopuler: Sorotan Media Asing ke Badak Langka Indonesia-Cuti Bersama Lebaran,31-3-2022,Tim detikcom,https://travel.detik.com/travel-news/d-6009285/terpopuler-sorotan-media-asing-ke-badak-langka-indonesia-cuti-bersama-lebaran,popular,detik
Bikin Terpukau! Ini Karya Jawara Kontes Satwa Liar 2022,31-3-2022,WildArt Photographer of the Year - detikInet,https://inet.detik.com/fotoinet/d-6009167/bikin-terpukau-ini-karya-jawara-kontes-satwa-liar-2022,popular,detik
"Banyak Dipakai Mobil Mewah, Intip Kelebihan Pertamax Dibanding Premium dan Pertalite",31-3-2022,Tim detikcom - detikOto,https://oto.detik.com/tips-and-tricks-mobil/d-6009206/banyak-dipakai-mobil-mewah-intip-kelebihan-pertamax-dibanding-premium-dan-pertalite,popular,detik
Siapkan Jadwal Liburan! Ini Estimasi Libur Lebaran,31-3-2022,Dadan Kuswaraharja,https://travel.detik.com/travel-news/d-6009323/siapkan-jadwal-liburan-ini-estimasi-libur-lebaran,popular,detik
"Rumah Rp 753 Miliar David Beckham Dibobol Maling, Barang Berharga Raib",31-3-2022,Daniel Ngantung - wolipop,https://wolipop.detik.com/entertainment-news/d-6009320/rumah-rp-753-miliar-david-beckham-dibobol-maling-barang-berharga-raib,popular,detik
"Pertalite Jadi BBM Penugasan, Mobil Kuno Tak Masalah Tenggak Pertamax?",31-3-2022,Ridwan Arifin - detikOto,https://oto.detik.com/mobil/d-6009273/pertalite-jadi-bbm-penugasan-mobil-kuno-tak-masalah-tenggak-pertamax,popular,detik
Meksiko dan Amerika Serikat Lolos ke Piala Dunia 2022,31-3-2022,Novitasari Dewi Salusi - Sepakbola,https://sport.detik.com/sepakbola/bola-dunia/d-6009331/meksiko-dan-amerika-serikat-lolos-ke-piala-dunia-2022,biasa,detik
Besok Harga Pertamax Jadi Naik? Ini Jawaban Pertamina,31-3-2022,Aldiansyah Nurrahman - detikFinance,https://finance.detik.com/energi/d-6009284/besok-harga-pertamax-jadi-naik-ini-jawaban-pertamina,biasa,detik
"Banyak Dipakai Mobil Mewah, Intip Kelebihan Pertamax Dibanding Premium dan Pertalite",31-3-2022,Tim detikcom - detikOto,https://oto.detik.com/tips-and-tricks--mobil/d-6009206/banyak-dipakai-mobil-mewah-intip-kelebihan-pertamax-dibanding-premium-dan-pertalite,biasa,detik
"Maguire Kurang Berwibawa di MU, Berdampak ke Performanya",31-3-2022,Bayu Baskoro - Sepakbola,https://sport.detik.com/sepakbola/liga-inggris/d-6009185/maguire-kurang-berwibawa-di-mu-berdampak-ke-performanya,biasa,detik
Kata Luna Maya soal Pertemuan dengan Ariel di Ultah BCL,31-3-2022,Muhammad Ahsan - detikHot,https://hot.detik.com/celeb/d-6009162/kata-luna-maya-soal-pertemuan-dengan-ariel-di-ultah-bcl,biasa,detik
Jokowi Ungkap 79 Juta Orang Akan Mudik Lebaran Tahun Ini,31-3-2022,Yulida Medistiara - detikNews,https://news.detik.com/berita/d-6009253/jokowi-ungkap-79-juta-orang-akan-mudik-lebaran-tahun-ini,biasa,detik
Heboh Netizen Sambut Pernikahan Hyun Bin dan Son Ye Jin,31-3-2022,Tim 20Detik - 20DETIK,https://hot.detik.com/detiktv/d-6009355/heboh-netizen-sambut-pernikahan-hyun-bin-dan-son-ye-jin,biasa,detik
Rusia Umumkan Gencatan Senjata di Mariupol untuk Evakuasi Warga Sipil,31-3-2022,Tim detikcom - detikNews,https://news.detik.com/internasional/d-6009301/rusia-umumkan-gencatan-senjata-di-mariupol-untuk-evakuasi-warga-sipil,biasa,detik
Memorabilia Bruce Willis yang Umumkan Pensiun karena Sakit Parah,31-3-2022,tim detikhot - detikHot,https://hot.detik.com/movie/d-6009354/memorabilia-bruce-willis-yang-umumkan-pensiun-karena-sakit-parah,biasa,detik
"Ada Fitur Microlens, Kamera OPPO Reno7 Bisa Nge-Zoom Sampai 30x",30-3-2022,Angga Laraspati - detikInet,https://inet.detik.com/consumer/d-6008719/ada-fitur-microlens-kamera-oppo-reno7-bisa-nge-zoom-sampai-30x,biasa,detik
Polri Akan Gandeng FBI Tangkap Pendeta Saifuddin di AS,31-3-2022,Tim detikcom - detikNews,https://news.detik.com/berita/d-6009352/polri-akan-gandeng-fbi-tangkap-pendeta-saifuddin-di-as,biasa,detik
"Harusnya Ramadan Pertama Nadzira Shafa dengan Ameer, Jalannya Kini Berbeda",31-3-2022,Muhammad Ahsan Nurrijal - detikHot,https://hot.detik.com/celeb/d-6009200/harusnya-ramadan-pertama-nadzira-shafa-dengan-ameer-jalannya-kini-berbeda,biasa,detik
Persib Bandung: Sempat Jadi 'Raja Imbang' Sebelum Tembus AFC Cup,31-3-2022,Anindyadevi Aurellia - Sepakbola,https://sport.detik.com/sepakbola/liga-indonesia/d-6009248/persib-bandung-sempat-jadi-raja-imbang-sebelum-tembus-afc-cup,biasa,detik
"Sudah Lolos CPNS, Kapan Dapat Gaji Pertama?",31-3-2022,Kholida Qothrunnada - detikFinance,https://finance.detik.com/berita-ekonomi-bisnis/d-6009345/sudah-lolos-cpns-kapan-dapat-gaji-pertama,biasa,detik
"Setelah Hyungwon, Kihyun Monsta X Juga Positif COVID-19",31-3-2022,Delia Arnindita Larasati - detikHot,https://hot.detik.com/kpop/d-6009281/setelah-hyungwon-kihyun-monsta-x-juga-positif-covid-19,biasa,detik
Yaqut Sebut Eks HTI-FPI Masih Bergerak di 'Bawah Tanah',31-3-2022,20Detik - 20DETIK,https://news.detik.com/detiktv/d-6009299/yaqut-sebut-eks-hti-fpi-masih-bergerak-di-bawah-tanah,biasa,detik
"Sudah Ditangkap, Geng Hacker Lapsus$ Masih Bisa Beraksi",31-3-2022,Anggoro Suryo Jati - detikInet,https://inet.detik.com/security/d-6009230/sudah-ditangkap-geng-hacker-lapsus-masih-bisa-beraksi,biasa,detik
Begini Kondisi Irpin Usai Tentara Ukraina Pukul Mundur Pasukan Rusia,31-3-2022,REUTERS/Serhii Mykhalchuk - detikNews,https://news.detik.com/foto-news/d-6009309/begini-kondisi-irpin-usai-tentara-ukraina-pukul-mundur-pasukan-rusia,biasa,detik
Kemenkes Tepis Anggapan Vaksin Booster Persulit Warga Mudik,31-3-2022,Nafilah Sri Sagita K - detikHealth,https://health.detik.com/berita-detikhealth/d-6009336/kemenkes-tepis-anggapan-vaksin-booster-persulit-warga-mudik,biasa,detik
"Harga Emas Hari Ini dari 0,5 Gram Hingga 1 Kg, Bikin Tersenyum",31-3-2022,Ignacio Geordi Oswaldo - detikFinance,https://finance.detik.com/berita-ekonomi-bisnis/d-6009344/harga-emas-hari-ini-dari-05-gram-hingga-1-kg-bikin-tersenyum,biasa,detik
Pengungsi Afghanistan Demo UNHCR Tuntut Dipindah ke Negara Ketiga,31-3-2022,Wildan Noviansah - detikNews,https://news.detik.com/berita/d-6009349/pengungsi-afghanistan-demo-unhcr-tuntut-dipindah-ke-negara-ketiga,biasa,detik
"Jokowi Sambut PM Papua Nugini di Istana Bogor, Tanam Bareng Pohon Cendana",31-3-2022,Kanavino Ahmad Rizqo - detikNews,https://news.detik.com/berita/d-6009348/jokowi-sambut-pm-papua-nugini-di-istana-bogor-tanam-bareng-pohon-cendana,biasa,detik
Tertipu Sekaligus Menipu Diri Sendiri,31-3-2022,Akhmad Mu - detikNews,https://news.detik.com/kolom/d-6009347/tertipu-sekaligus-menipu-diri-sendiri,biasa,detik
Auditor BPK Jabar Peras RS-Puskesmas di Bekasi Sembunyikan Duit di Apartemen,31-3-2022,Dony Indra Ramadhan - detikJabar,https://www.detik.com/jabar/hukum-dan-kriminal/d-6009224/auditor-bpk-jabar-peras-rs-puskesmas-di-bekasi-sembunyikan-duit-di-apartemen,biasa,detik
Benarkah Kopi Hijau untuk Diet Bermanfaat Buat Turunkan Berat Badan?,31-3-2022,Arina Yulistara - wolipop,https://wolipop.detik.com/health-and-diet/d-6009346/benarkah-kopi-hijau-untuk-diet-bermanfaat-buat-turunkan-berat-badan,biasa,detik
Heboh Dewi Perssik Dituding Aborsi 5 Kali oleh Nikita Mirzani,31-3-2022,Prih Prawesti Febrian - detikHot,https://hot.detik.com/celeb/d-6009343/heboh-dewi-perssik-dituding-aborsi-5-kali-oleh-nikita-mirzani,biasa,detik
"Tentara Rusia di Ukraina Tolak Patuhi Perintah, Tembak Jatuh Pesawat Sendiri",31-3-2022,Tim detikcom - detikNews,https://news.detik.com/internasional/d-6009341/tentara-rusia-di-ukraina-tolak-patuhi-perintah-tembak-jatuh-pesawat-sendiri,biasa,detik
Pertamina Dex Setara Euro IV Dijual Mulai 1 April,31-3-2022,Achmad Dwi Afriyadi - detikFinance,https://finance.detik.com/energi/d-6009340/pertamina-dex-setara-euro-iv-dijual-mulai-1-april,biasa,detik
"Gaga Muhammad Jadikan Donasi Rp 180 Juta Materi Banding, tapi Ditolak Hakim",31-3-2022,Desi Puspasari - detikHot,https://hot.detik.com/celeb/d-6009339/gaga-muhammad-jadikan-donasi-rp-180-juta-materi-banding-tapi-ditolak-hakim,biasa,detik
"Truk Pendingin Makanan Terbakar di Bekasi, Diduga Korsleting Listrik",31-3-2022,Karin Nur Secha - detikNews,https://news.detik.com/berita/d-6009338/truk-pendingin-makanan-terbakar-di-bekasi-diduga-korsleting-listrik,biasa,detik
Remaja Terjun Bebas di Wahana Bermain 130 Meter Pernah Ditolak 2 Kali,31-3-2022,Ahmad Masaul Khoiri,https://travel.detik.com/travel-news/d-6009319/remaja-terjun-bebas-di-wahana-bermain-130-meter-pernah-ditolak-2-kali,biasa,detik
KPK Cari Tahu soal Musda Demokrat dan Aliran Duit ke Jemmy Setiawan,31-3-2022,M Hanafi Aryan - detikNews,https://news.detik.com/berita/d-6009333/kpk-cari-tahu-soal-musda-demokrat-dan-aliran-duit-ke-jemmy-setiawan,biasa,detik
Tempat Hiburan Malam di Bandung Ditutup Selama Ramadhan!,31-3-2022,Wisma Putra - 20DETIK,https://news.detik.com/detiktv/d-6009334/tempat-hiburan-malam-di-bandung-ditutup-selama-ramadhan,biasa,detik
Kapolda Metro Minta Maksimalkan Pengamanan Mudik: Jangan Ala Kadarnya,31-3-2022,Yogi Ernes - detikNews,https://news.detik.com/berita/d-6009332/kapolda-metro-minta-maksimalkan-pengamanan-mudik-jangan-ala-kadarnya,biasa,detik
Ini 4 Kesalahan Saat Masak Mie Instan yang Sering Dilakukan,31-3-2022,Yenny Mustika Sari - detikFood,https://food.detik.com/info-kuliner/d-6009136/ini-4-kesalahan-saat-masak-mie-instan-yang-sering-dilakukan,biasa,detik
